SortOrder,LocID,Notes,ISO3_code,ISO2_code,SDMX_code,LocTypeID,LocTypeName,ParentID,Location,VarID,Variant,Time,TPopulation1Jan,TPopulation1July,TPopulationMale1July,TPopulationFemale1July,PopDensity,PopSexRatio,MedianAgePop,NatChange,NatChangeRT,PopChange,PopGrowthRate,DoublingTime,Births,Births1519,CBR,TFR,NRR,MAC,SRB,Deaths,DeathsMale,DeathsFemale,CDR,LEx,LExMale,LExFemale,LE15,LE15Male,LE15Female,LE65,LE65Male,LE65Female,LE80,LE80Male,LE80Female,InfantDeaths,IMR,LBsurvivingAge1,Under5Deaths,Q5,Q0040,Q0040Male,Q0040Female,Q0060,Q0060Male,Q0060Female,Q1550,Q1550Male,Q1550Female,Q1560,Q1560Male,Q1560Female,NetMigrations,CNMR
12,901,d,,,514.0,5,Development group,1803,More developed regions,2,Medium,2000,1187801.871,1189851.258,577143.991,612707.267,24.2538,94.1957,36.3074,1057.99,0.89,4098.774,0.344,,13248.293,1024.251,11.148,1.5738,0.7534,27.986,105.6,12190.303,6211.909,5978.394,10.258,75.2499,71.4999,78.9875,61.1012,57.4157,64.7562,17.0224,15.0542,18.5729,7.9005,6.9052,8.4291,99.347,7.5143,13161.645,124.069,9.3854,41.8653,57.531,25.6098,146.0571,198.2992,92.1833,68.2173,97.3797,38.2692,136.0737,187.6426,83.0961,3040.843,2.559
12,901,d,,,514.0,5,Development group,1803,More developed regions,2,Medium,2001,1191900.645,1193679.488,579014.223,614665.265,24.3318,94.1999,36.6104,962.97,0.808,3557.687,0.298,,13142.076,992.219,11.022,1.5635,0.7494,28.09,105.4,12179.106,6214.197,5964.909,10.214,75.4903,71.7574,79.2106,61.3093,57.6389,64.9499,17.1794,15.218,18.7316,8.0164,7.0191,8.5479,95.052,7.2294,13059.445,118.737,9.0308,40.7329,56.0229,24.8719,144.0594,195.62,90.8868,66.995,95.6441,37.589,134.4661,185.3732,82.1578,2594.816,2.176
12,901,d,,,514.0,5,Development group,1803,More developed regions,2,Medium,2002,1195458.332,1197463.131,580813.324,616649.808,24.409,94.1885,36.9109,789.236,0.66,4009.598,0.335,,13177.306,968.496,11.019,1.5696,0.7521,28.197,105.5,12388.07,6323.876,6064.194,10.359,75.5222,71.8012,79.2423,61.3206,57.6573,64.9668,17.1888,15.2427,18.742,8.0253,7.04,8.5532,93.26,7.0862,13096.153,115.721,8.8001,40.2539,55.3764,24.5714,144.1128,195.8644,90.7219,66.7101,95.3073,37.3723,134.7675,185.9231,82.1718,3220.387,2.693
12,901,d,,,514.0,5,Development group,1803,More developed regions,2,Medium,2003,1199467.93,1201500.95,582742.85,618758.1,24.4913,94.1794,37.1955,757.953,0.632,4066.039,0.338,,13324.862,954.078,11.105,1.5873,0.7609,28.312,105.5,12566.909,6405.085,6161.824,10.473,75.6161,71.9379,79.297,61.3847,57.7605,64.9965,17.2078,15.2859,18.7511,8.022,7.0572,8.5411,90.818,6.8306,13245.859,112.355,8.4786,39.3375,54.0791,24.0626,144.0279,195.8924,90.609,65.7124,93.8443,36.8774,135.045,186.3621,82.3617,3308.184,2.757
12,901,d,,,514.0,5,Development group,1803,More developed regions,2,Medium,2004,1203533.969,1205826.316,584833.001,620993.316,24.5794,94.177,37.4592,1195.935,0.993,4584.695,0.38,,13458.268,948.814,11.176,1.6041,0.7694,28.408,105.5,12262.333,6288.418,5973.915,10.183,76.1057,72.4251,79.7742,61.8452,58.2144,65.4497,17.5472,15.5876,19.1214,8.2854,7.2817,8.826,88.861,6.6158,13381.052,109.063,8.1528,37.8473,52.1143,23.0762,140.7597,191.8456,88.3038,63.1742,90.3107,35.3916,132.1493,182.7295,80.3732,3388.812,2.814
12,901,d,,,514.0,5,Development group,1803,More developed regions,2,Medium,2005,1208118.664,1210237.918,586972.26,623265.658,24.6694,94.1769,37.7098,1003.699,0.83,4238.507,0.35,,13493.836,936.97,11.164,1.6094,0.7723,28.499,105.4,12490.137,6398.603,6091.534,10.334,76.1876,72.5258,79.8456,61.9072,58.2961,65.5005,17.5637,15.6179,19.1381,8.2508,7.2541,8.7929,86.714,6.4343,13418.602,106.405,7.9235,37.2833,51.4301,22.6335,140.6445,192.1096,87.8561,62.1648,88.864,34.83,132.2751,183.2328,80.1684,3234.956,2.676
12,901,d,,,514.0,5,Development group,1803,More developed regions,2,Medium,2006,1212357.171,1214817.816,589199.288,625618.529,24.7627,94.1787,37.9509,1561.533,1.287,4921.291,0.405,,13780.247,948.554,11.358,1.6449,0.7898,28.565,105.4,12218.714,6237.893,5980.821,10.071,76.7299,73.1698,80.2547,62.4203,58.9048,65.888,17.9083,15.9913,19.4509,8.4507,7.4493,8.9976,85.203,6.2098,13706.171,103.581,7.5936,35.5412,48.807,21.8186,135.5804,184.5699,85.569,58.9472,83.8496,33.4917,127.5693,176.1061,78.1624,3359.828,2.769
12,901,d,,,514.0,5,Development group,1803,More developed regions,2,Medium,2007,1217278.462,1220183.669,591849.149,628334.52,24.8721,94.1933,38.1884,1845.467,1.515,5810.414,0.476,,14052.177,952.603,11.534,1.6782,0.8062,28.642,105.4,12206.71,6227.03,5979.68,10.019,77.0591,73.5457,80.5292,62.7314,59.2597,66.1481,18.0907,16.1779,19.6356,8.5229,7.5151,9.0827,84.738,6.0573,13978.542,102.566,7.3902,34.3067,47.0566,21.1286,131.7511,179.2551,83.3866,56.4899,80.2359,32.234,123.9526,171.0296,76.1551,3965.03,3.254
12,901,d,,,514.0,5,Development group,1803,More developed regions,2,Medium,2008,1223088.876,1225881.271,594687.688,631193.582,24.9882,94.2164,38.4166,1985.687,1.622,5584.789,0.456,,14295.156,945.745,11.677,1.7067,0.8204,28.721,105.4,12309.469,6262.119,6047.35,10.055,77.2959,73.8409,80.7041,62.9391,59.5242,66.296,18.2259,16.3472,19.7482,8.5436,7.5479,9.1071,82.421,5.7882,14223.642,99.887,7.0788,33.1542,45.4765,20.4261,129.2265,175.751,81.9529,54.6678,77.4559,31.4004,121.7718,167.881,75.0455,3599.259,2.94
12,901,d,,,514.0,5,Development group,1803,More developed regions,2,Medium,2009,1228673.665,1231215.428,597343.14,633872.288,25.097,94.2371,38.6553,2019.551,1.642,5083.525,0.413,,14201.096,896.177,11.548,1.6962,0.8154,28.83,105.4,12181.545,6189.938,5991.607,9.906,77.7106,74.3309,81.0261,63.3309,59.987,66.6006,18.5114,16.6515,20.0176,8.6996,7.6995,9.2741,78.931,5.563,14132.869,95.66,6.78,31.8031,43.3184,19.9251,125.0021,169.3483,80.1079,52.3107,73.5925,30.6055,117.8158,161.7868,73.4134,3063.954,2.492
12,901,d,,,514.0,5,Development group,1803,More developed regions,2,Medium,2010,1233757.19,1236019.858,599750.919,636268.939,25.1949,94.2606,38.9047,1791.746,1.451,4525.336,0.366,,14097.399,810.107,11.418,1.6858,0.8107,29.007,105.4,12305.653,6232.4,6073.253,9.967,77.9313,74.614,81.182,63.5246,60.2403,66.7331,18.6209,16.8,20.1004,8.7312,7.7478,9.3069,74.778,5.31,14032.796,91.248,6.4961,30.6906,41.8131,19.2277,121.4839,164.5133,77.9905,50.4186,70.9209,29.5153,114.6053,157.2824,71.5709,2733.75,2.214
12,901,d,,,514.0,5,Development group,1803,More developed regions,2,Medium,2011,1238282.526,1240661.231,602193.5,638467.73,25.2895,94.3185,39.1536,1673.348,1.351,4757.409,0.383,,13928.94,736.565,11.241,1.6687,0.8027,29.144,105.4,12255.592,6198.594,6056.998,9.89,78.2741,75.0168,81.4548,63.8529,60.6293,66.9909,18.8453,17.0327,20.3223,8.8484,7.8626,9.4362,71.447,5.1336,13867.264,87.324,6.2753,29.7642,40.3703,18.8371,117.349,158.3169,76.0277,48.5061,67.7542,28.8901,110.633,151.228,69.7875,3084.053,2.489
12,901,d,,,514.0,5,Development group,1803,More developed regions,2,Medium,2012,1243039.935,1245369.82,604781.194,640588.626,25.3855,94.4102,39.3859,1557.272,1.252,4659.771,0.374,,13971.737,685.356,11.233,1.6784,0.8076,29.249,105.4,12414.465,6253.468,6160.997,9.981,78.4618,75.2736,81.5746,64.0358,60.8783,67.1095,18.9133,17.1385,20.3667,8.8512,7.8897,9.4349,72.161,5.1708,13909.406,87.539,6.2739,28.8156,39.0197,18.298,113.8504,153.3964,73.9759,46.665,65.1871,27.7725,107.1894,146.3907,67.7533,3102.586,2.494
12,901,d,,,514.0,5,Development group,1803,More developed regions,2,Medium,2013,1247699.706,1249819.613,607245.308,642574.305,25.4762,94.502,39.6051,1362.399,1.092,4239.814,0.339,,13802.703,625.413,11.057,1.6626,0.8003,29.381,105.4,12440.304,6267.389,6172.915,9.965,78.7052,75.5618,81.772,64.2655,61.1545,67.2916,19.0698,17.3044,20.5214,8.9648,8.0057,9.5564,69.335,5.0173,13742.988,84.622,6.1141,27.9894,37.7659,17.9047,110.9384,149.0857,72.4719,45.3286,63.099,27.1907,104.4376,142.2171,66.4312,2877.641,2.305
12,901,d,,,514.0,5,Development group,1803,More developed regions,2,Medium,2014,1251939.52,1254038.525,609576.066,644462.458,25.5622,94.5867,39.8203,1426.094,1.139,4198.009,0.335,,13835.365,580.686,11.045,1.6722,0.8049,29.519,105.4,12409.271,6280.906,6128.365,9.906,78.9622,75.8104,82.0408,64.506,61.3848,67.5459,19.2657,17.4762,20.7452,9.1387,8.161,9.7507,66.994,4.8464,13777.582,81.733,5.9058,27.6129,37.3131,17.5965,108.64,145.9668,70.9504,44.6766,62.1916,26.7754,102.334,139.3025,65.0896,2771.976,2.213
12,901,d,,,514.0,5,Development group,1803,More developed regions,2,Medium,2015,1256137.529,1258234.127,611894.696,646339.431,25.6477,94.6708,40.0249,1024.446,0.815,4193.197,0.333,,13759.039,533.885,10.949,1.6693,0.8035,29.652,105.5,12734.593,6422.764,6311.829,10.134,78.989,75.8865,82.0287,64.5172,61.4451,67.5187,19.2067,17.4448,20.6764,9.065,8.1201,9.6667,64.245,4.6688,13703.714,78.801,5.7186,27.3056,36.8847,17.4044,106.8076,143.2841,69.9192,44.2348,61.5223,26.5461,100.6681,136.7881,64.2197,3168.906,2.522
12,901,d,,,514.0,5,Development group,1803,More developed regions,2,Medium,2016,1260330.726,1262624.901,614309.31,648315.591,25.7372,94.7547,40.2194,1023.733,0.812,4588.35,0.363,,13637.787,492.434,10.817,1.6604,0.7997,29.8,105.3,12614.054,6395.508,6218.546,10.005,79.2764,76.1706,82.3184,64.7917,61.7126,67.7999,19.4363,17.6452,20.9352,9.2695,8.2974,9.8947,62.159,4.5544,13584.316,76.064,5.5578,27.212,36.6142,17.4829,104.8298,140.3595,68.8557,43.9997,61.0593,26.5247,98.8493,134.0602,63.2684,3564.701,2.827
12,901,d,,,514.0,5,Development group,1803,More developed regions,2,Medium,2017,1264919.076,1266919.156,616665.998,650253.157,25.8247,94.8348,40.4102,371.094,0.294,4000.159,0.316,,13152.202,450.484,10.398,1.6074,0.7743,29.921,105.4,12781.108,6466.57,6314.538,10.104,79.4257,76.3647,82.4265,64.9234,61.8905,67.889,19.468,17.692,20.9627,9.2618,8.2997,9.8893,57.937,4.3825,13102.604,71.03,5.3305,26.6509,35.8702,17.1002,102.168,136.66,67.2028,43.2509,59.9919,26.0898,96.383,130.5331,61.8335,3629.158,2.869
12,901,d,,,514.0,5,Development group,1803,More developed regions,2,Medium,2018,1268919.235,1270733.489,618771.69,651961.799,25.9025,94.9092,40.6033,-50.976,-0.04,3628.509,0.286,,12809.355,418.75,10.096,1.5722,0.7576,30.033,105.3,12860.331,6529.764,6330.567,10.136,79.56,76.4979,82.5699,65.0423,62.0076,68.0182,19.5511,17.7629,21.065,9.3689,8.4128,9.996,54.319,4.2242,12762.816,66.857,5.1412,26.0693,34.9896,16.822,100.8254,134.9749,66.161,42.8244,59.3962,25.8335,95.217,129.0336,60.956,3679.582,2.9
12,901,d,,,514.0,5,Development group,1803,More developed regions,2,Medium,2019,1272547.744,1274265.448,620700.604,653564.843,25.9745,94.9715,40.8059,-365.59,-0.287,3435.408,0.27,,12435.689,402.105,9.775,1.5345,0.7397,30.095,105.3,12801.279,6511.86,6289.419,10.062,79.8152,76.7724,82.8067,65.2886,62.2702,68.2495,19.7272,17.938,21.246,9.5216,8.5735,10.1463,51.97,4.1617,12391.182,63.633,5.0305,25.5634,34.2408,16.5586,98.5712,131.9599,64.6356,42.1879,58.5383,25.4164,93.0726,126.1586,59.5037,3801.083,2.988
12,901,d,,,514.0,5,Development group,1803,More developed regions,2,Medium,2020,1275983.152,1276157.972,621695.065,654462.907,26.0131,94.9932,41.0129,-2201.269,-1.727,349.64,0.027,,12168.269,393.248,9.545,1.5113,0.7277,30.108,105.3,14369.538,7375.462,6994.076,11.272,78.5756,75.4246,81.7432,64.0263,60.8992,67.1641,18.9544,17.0944,20.58,9.0347,8.054,9.7025,49.452,4.0502,12125.897,59.46,4.8123,29.9346,39.9851,19.4799,111.464,147.3219,74.7827,50.4893,68.7731,31.6651,106.2117,141.7802,69.8858,2551.098,2.001
13,902,e,,,515.0,5,Development group,1803,Less developed regions,2,Medium,2000,4920140.157,4959047.717,2513955.55,2445092.168,60.9632,102.8164,22.9569,80856.219,16.298,77815.12,1.569,44.1776,120765.735,17035.398,24.343,2.9781,1.2652,27.378,107.7,39909.516,21437.929,18471.587,8.045,64.6705,62.8149,66.6187,56.4496,54.5438,58.4433,14.5184,13.4724,15.4888,6.5447,6.0007,6.9389,7023.615,58.3096,115491.372,9936.651,82.8806,153.5355,162.04,144.6784,274.8449,304.1985,243.982,107.4194,123.1372,91.059,196.1748,226.9881,163.8798,-3040.834,-0.613
13,902,e,,,515.0,5,Development group,1803,Less developed regions,2,Medium,2001,4997955.277,5037067.494,2553602.638,2483464.856,61.9223,102.8242,23.1647,80819.478,16.041,78224.434,1.553,44.6328,120735.654,17186.8,23.964,2.9341,1.2517,27.377,107.6,39916.176,21571.812,18344.364,7.923,65.0843,63.1374,67.1379,56.6784,54.6797,58.7797,14.6797,13.5528,15.735,6.649,6.0419,7.0968,6828.924,56.6072,115587.766,9625.559,80.1525,150.0901,158.7035,141.1149,269.8743,300.0082,238.1982,106.2659,122.2097,89.664,193.3153,224.8624,160.2597,-2594.809,-0.515
13,902,e,,,515.0,5,Development group,1803,Less developed regions,2,Medium,2002,5076179.711,5114944.229,2593064.106,2521880.124,62.8796,102.8227,23.3681,80749.776,15.782,77529.036,1.516,45.7221,120843.153,16935.358,23.618,2.8949,1.2398,27.398,107.6,40093.377,21676.969,18416.408,7.836,65.455,63.4974,67.5182,56.8544,54.847,58.9633,14.7601,13.622,15.8271,6.6872,6.07,7.1441,6624.167,54.8303,115822.967,9310.4,77.3471,146.4215,154.917,137.57,264.6926,294.752,233.1439,104.8731,120.6364,88.4621,190.2836,221.6811,157.4312,-3220.383,-0.629
13,902,e,,,515.0,5,Development group,1803,Less developed regions,2,Medium,2003,5153708.747,5192397.416,2632295.864,2560101.551,63.8318,102.82,23.5781,80685.622,15.535,77377.337,1.49,46.5199,120977.185,16676.538,23.292,2.8569,1.2286,27.403,107.6,40291.563,21823.635,18467.928,7.757,65.8258,63.8321,67.9296,57.0064,54.9705,59.147,14.8252,13.6687,15.9122,6.7073,6.0822,7.1718,6398.989,52.8967,116099.068,8966.264,74.342,142.7207,151.3285,133.7359,259.4917,289.9172,227.5731,103.7784,119.608,87.2937,187.5238,219.1573,154.4526,-3308.18,-0.637
13,902,e,,,515.0,5,Development group,1803,Less developed regions,2,Medium,2004,5231086.084,5269925.162,2671538.436,2598386.725,64.7849,102.8153,23.8005,81067.163,15.377,77678.155,1.474,47.0249,121769.877,16036.816,23.098,2.8368,1.2233,27.457,107.6,40702.714,22057.214,18645.5,7.721,66.1018,64.0955,68.2182,57.1161,55.0773,59.2581,14.8908,13.7197,15.993,6.7437,6.1036,7.2211,6212.143,51.0619,117001.436,8703.733,71.8157,140.2272,148.8304,131.2287,255.893,286.1562,224.1732,103.3772,118.9718,87.1359,185.7725,217.0862,153.0829,-3388.808,-0.643
13,902,e,,,515.0,5,Development group,1803,Less developed regions,2,Medium,2005,5308764.239,5347938.202,2711053.828,2636884.374,65.7439,102.8128,24.0319,81583.182,15.25,78347.925,1.465,47.3138,122306.401,15159.964,22.862,2.8122,1.2183,27.551,107.6,40723.219,22123.055,18600.164,7.612,66.5652,64.5108,68.7351,57.3529,55.2721,59.5411,14.9719,13.7813,16.0943,6.7801,6.1277,7.2682,6003.376,49.112,117670.645,8368.408,68.766,135.395,144.2099,126.1598,248.9829,279.8567,216.6161,100.9051,116.8198,84.3179,181.3634,213.1838,148.1467,-3234.951,-0.605
13,902,e,,,515.0,5,Development group,1803,Less developed regions,2,Medium,2006,5387112.164,5426598.402,2750999.955,2675598.446,66.7109,102.8181,24.2704,82332.513,15.167,78972.475,1.455,47.639,123129.65,14793.189,22.682,2.7927,1.2157,27.616,107.5,40797.137,22209.811,18587.326,7.515,67.0074,64.9079,69.2264,57.5717,55.4546,59.799,15.0605,13.8586,16.1936,6.8241,6.1667,7.3162,5807.582,47.2122,118613.86,8055.073,65.832,130.8318,139.9583,121.2489,242.7556,274.256,209.7134,98.7967,115.0535,81.8373,177.6523,209.9751,143.9047,-3359.821,-0.619
13,902,e,,,515.0,5,Development group,1803,Less developed regions,2,Medium,2007,5466084.639,5505764.876,2791268.46,2714496.416,67.6841,102.8282,24.5178,83325.534,15.128,79360.473,1.441,48.1018,124510.64,14753.459,22.605,2.7836,1.2163,27.637,107.5,41185.106,22466.126,18718.98,7.477,67.333,65.1947,69.5967,57.695,55.542,59.9638,15.0985,13.8769,16.253,6.8376,6.1697,7.3393,5644.556,45.4191,120090.947,7792.253,63.1365,127.1261,136.3822,117.3896,238.2002,270.2456,204.5871,97.4608,113.9258,80.271,175.384,208.196,141.1313,-3965.026,-0.72
13,902,e,,,515.0,5,Development group,1803,Less developed regions,2,Medium,2008,5545445.112,5585716.002,2831865.806,2753850.196,68.667,102.833,24.7661,84141.052,15.058,80541.779,1.442,48.0685,125869.245,14988.988,22.525,2.7758,1.2159,27.655,107.5,41728.193,22744.024,18984.169,7.467,67.5783,65.4432,69.8358,57.7837,55.6368,60.0427,15.1476,13.9294,16.2968,6.8689,6.207,7.3648,5498.58,43.7623,121540.388,7581.474,60.832,124.5939,133.6681,115.035,235.2784,267.2691,201.7562,96.8341,113.078,79.8726,174.2464,206.9507,140.1436,-3599.244,-0.644
13,902,e,,,515.0,5,Development group,1803,Less developed regions,2,Medium,2009,5625986.891,5667090.48,2873050.338,2794040.142,69.6674,102.8278,25.0099,85271.148,15.042,82207.179,1.451,47.7703,126999.792,14623.418,22.403,2.7648,1.217,27.68,107.5,41728.644,22798.23,18930.414,7.361,68.0619,65.878,70.372,58.0399,55.8509,60.3441,15.2461,14.0187,16.4028,6.9211,6.2571,7.4176,5329.692,42.0339,122779.186,7302.696,58.0634,119.5383,128.8644,109.6963,228.4756,261.1925,194.181,93.8415,110.4362,76.4964,170.0418,203.3724,135.2804,-3063.941,-0.54
13,902,e,,,515.0,5,Development group,1803,Less developed regions,2,Medium,2010,5708194.07,5749583.247,2914657.179,2834926.068,70.6815,102.8125,25.248,85512.38,14.869,82778.354,1.44,48.1352,127535.921,14555.737,22.176,2.7411,1.2102,27.661,107.4,42023.541,22959.205,19064.336,7.307,68.3973,66.2062,70.7118,58.2284,56.0316,60.5377,15.3398,14.1104,16.4962,6.9753,6.3105,7.4714,5179.281,40.6467,123417.273,7088.652,56.0094,116.4024,125.597,106.6913,224.3542,256.9986,190.1617,91.7919,108.2011,74.6308,167.6106,200.848,132.9679,-2733.745,-0.475
13,902,e,,,515.0,5,Development group,1803,Less developed regions,2,Medium,2011,5790972.424,5832464.194,2956398.136,2876066.059,71.7003,102.7931,25.4914,86067.771,14.752,82983.541,1.423,48.7103,128205.979,14390.668,21.975,2.7243,1.2083,27.659,107.3,42138.208,23049.475,19088.733,7.223,68.8198,66.5987,71.1648,58.4646,56.2457,60.7953,15.4459,14.2104,16.6062,7.0362,6.3663,7.5356,5017.61,39.1743,124192.924,6841.42,53.719,112.0973,121.4908,102.1645,219.0085,251.8251,184.6226,88.9409,105.3921,71.7158,164.4389,197.716,129.7467,-3084.047,-0.529
13,902,e,,,515.0,5,Development group,1803,Less developed regions,2,Medium,2012,5873955.965,5916328.1,2998650.229,2917677.872,72.7313,102.7752,25.7391,87847.005,14.842,84744.271,1.432,48.4041,130222.323,14311.984,22.002,2.74,1.2195,27.668,107.3,42375.318,23229.081,19146.237,7.16,69.2011,66.9419,71.5866,58.6801,56.4284,61.0456,15.5759,14.3153,16.7601,7.1207,6.4268,7.6392,4881.583,37.5668,126290.727,6640.491,51.4932,108.6882,118.2439,98.5713,214.8024,247.6358,180.3806,86.9951,103.4628,69.7305,162.1795,195.3646,127.568,-3102.536,-0.524
13,902,e,,,515.0,5,Development group,1803,Less developed regions,2,Medium,2013,5958700.236,6000773.757,3041155.76,2959617.998,73.7694,102.755,25.9937,87024.743,14.499,84147.042,1.402,49.4399,129618.886,14264.842,21.596,2.7048,1.2083,27.677,107.1,42594.143,23370.147,19223.996,7.097,69.5546,67.2688,71.9662,58.9049,56.634,61.2879,15.7075,14.4337,16.9021,7.2036,6.4981,7.73,4731.555,36.4865,125800.801,6432.812,49.8399,105.5281,115.276,95.1953,210.8828,243.5742,176.5883,85.0064,101.4763,67.7183,159.789,192.6986,125.4477,-2877.625,-0.479
13,902,e,,,515.0,5,Development group,1803,Less developed regions,2,Medium,2014,6042847.278,6084974.895,3083536.697,3001438.197,74.8045,102.7353,26.2593,87027.186,14.299,84255.233,1.385,50.0467,129835.49,14182.222,21.332,2.6919,1.2061,27.744,107.0,42808.304,23439.855,19368.449,7.033,69.9243,67.6586,72.3059,59.1357,56.8911,61.482,15.8443,14.5713,17.0334,7.2882,6.577,7.8174,4571.511,35.2178,126128.746,6212.342,48.0079,102.3598,111.9054,92.2341,206.7668,238.4726,173.5259,83.1332,99.0757,66.3902,157.3098,189.1053,124.1518,-2771.954,-0.455
13,902,e,,,515.0,5,Development group,1803,Less developed regions,2,Medium,2015,6127102.511,6168363.409,3125508.036,3042855.374,75.8297,102.7163,26.5277,85690.601,13.889,82521.796,1.338,51.8047,128849.042,13203.736,20.884,2.6571,1.1938,27.878,106.9,43158.441,23609.735,19548.706,6.995,70.2258,67.9643,72.598,59.3285,57.0929,61.6602,15.9773,14.6953,17.1721,7.3672,6.6431,7.9054,4424.557,34.3149,125251.231,6003.781,46.5773,99.8692,109.3259,89.83,203.668,234.6766,171.1573,81.682,97.2671,65.3009,155.5103,186.5056,123.1859,-3168.885,-0.514
13,902,e,,,515.0,5,Development group,1803,Less developed regions,2,Medium,2016,6209624.307,6250849.337,3166782.067,3084067.27,76.8437,102.682,26.7943,86014.552,13.756,82450.06,1.319,52.551,129601.113,12851.494,20.727,2.6592,1.1977,28.022,106.8,43586.561,23871.812,19714.749,6.971,70.5275,68.242,72.9251,59.5003,57.2421,61.8561,16.0928,14.7815,17.3159,7.4339,6.6866,7.9909,4296.413,33.1897,126087.782,5811.982,44.9427,97.2486,106.7323,87.1726,200.3904,231.1228,168.146,80.4057,95.8953,64.1053,153.7695,184.433,121.7641,-3564.684,-0.57
13,902,e,,,515.0,5,Development group,1803,Less developed regions,2,Medium,2017,6292074.367,6332903.248,3207593.776,3125309.472,77.8524,102.6328,27.0569,85287.064,13.464,81657.762,1.289,53.774,129471.914,12742.85,20.439,2.6413,1.1929,28.064,106.7,44184.85,24285.442,19899.408,6.975,70.772,68.428,73.238,59.6219,57.3068,62.0445,16.1649,14.7992,17.4451,7.4671,6.6831,8.0562,4161.08,32.141,126061.459,5614.481,43.4153,94.889,104.4624,84.7131,197.4617,228.4091,164.9664,79.3475,94.9032,62.9624,152.2742,183.1001,120.0723,-3629.147,-0.573
13,902,e,,,515.0,5,Development group,1803,Less developed regions,2,Medium,2018,6373732.129,6413056.338,3247363.575,3165692.763,78.8377,102.5799,27.3334,82328.014,12.835,78648.419,1.226,56.5373,126819.358,12602.651,19.772,2.5745,1.166,28.093,106.4,44491.344,24379.473,20111.871,6.937,71.0587,68.7353,73.4924,59.845,57.558,62.227,16.3118,14.9664,17.5637,7.5508,6.7919,8.1158,4032.594,31.7164,123511.814,5433.825,42.5787,93.1442,102.6754,83.0114,194.1365,224.5931,162.1612,78.0022,93.2624,61.9192,149.7058,179.9371,118.1306,-3679.571,-0.574
13,902,e,,,515.0,5,Development group,1803,Less developed regions,2,Medium,2019,6452380.548,6490685.584,3285707.25,3204978.334,79.7921,102.5189,27.6117,80411.313,12.386,76610.073,1.18,58.7413,125548.559,12500.289,19.339,2.5361,1.1511,28.119,106.2,45137.246,24730.474,20406.772,6.953,71.2636,68.9282,73.709,59.976,57.684,62.362,16.3879,15.0329,17.6478,7.588,6.8328,8.1504,3912.516,31.1305,122324.196,5267.38,41.6714,91.5197,101.0218,81.4162,191.3712,221.7588,159.457,77.1432,92.2245,61.2408,147.792,177.8549,116.3836,-3801.073,-0.585
13,902,e,,,515.0,5,Development group,1803,Less developed regions,2,Medium,2020,6528990.621,6564794.908,3321917.128,3242877.78,80.7031,102.4373,27.8777,74159.563,11.296,71608.574,1.091,63.5332,122964.333,12405.451,18.73,2.4716,1.125,28.106,106.0,48804.77,26941.147,21863.623,7.434,70.642,68.2214,73.2177,59.2492,56.873,61.7662,15.8367,14.378,17.2312,7.3004,6.4353,7.9727,3784.46,30.6974,119840.586,5090.029,40.933,89.8412,99.2572,79.8306,197.3551,229.2151,163.8507,78.3412,93.6566,62.1891,154.9501,186.4961,121.9479,-2551.091,-0.389
14,941,f,,,199.0,5,Development group,902,Least developed countries,2,Medium,2000,654316.42,662018.172,330650.271,331367.9,32.9282,99.7834,17.0017,17666.508,26.637,15403.503,2.327,29.7872,25695.753,4625.683,38.743,5.1969,2.0237,28.942,103.9,8029.245,4205.239,3824.006,12.106,55.0574,53.7378,56.4027,50.3696,49.3146,51.4252,12.6683,12.3088,12.9982,5.624,5.4925,5.7359,2189.954,85.6164,24130.411,3404.155,135.3068,265.7597,277.4088,253.9078,427.3439,451.8836,402.3925,197.5979,211.1398,184.2068,314.9369,338.8297,291.0623,-2263.0,-3.412
14,941,f,,,199.0,5,Development group,902,Least developed countries,2,Medium,2001,669719.923,678096.207,338618.35,339477.857,33.7279,99.7468,17.0877,18059.999,26.604,16752.568,2.471,28.0513,26069.783,4704.479,38.403,5.1306,2.0151,28.922,103.9,8009.784,4199.732,3810.052,11.799,55.5683,54.2175,56.946,50.5107,49.4137,51.6097,12.6997,12.3125,13.0562,5.632,5.4777,5.7642,2140.927,82.5194,24528.25,3308.19,129.6782,258.8649,270.6114,246.9082,420.6742,445.7581,395.1998,195.2349,209.1049,181.5181,312.0462,336.5353,287.5977,-1307.434,-1.926
14,941,f,,,199.0,5,Development group,902,Least developed countries,2,Medium,2002,686472.491,695718.32,347334.857,348383.463,34.6044,99.699,17.1657,18469.031,26.544,18491.658,2.658,26.0778,26472.751,4751.284,38.047,5.0691,2.0071,28.918,103.9,8003.72,4205.132,3798.588,11.503,56.0698,54.6645,57.5046,50.6624,49.4996,51.83,12.742,12.3014,13.1506,5.6498,5.4538,5.8193,2095.264,79.4913,24952.386,3221.878,124.3216,252.2195,264.1,240.1291,414.0864,439.9574,387.8584,192.8526,207.0545,178.8164,309.036,334.3666,283.7855,22.652,0.033
14,941,f,,,199.0,5,Development group,902,Least developed countries,2,Medium,2003,704964.149,713914.588,356326.779,357587.81,35.5095,99.6474,17.2456,18941.208,26.51,17900.879,2.508,27.6374,26900.409,4802.651,37.649,5.0029,2.0001,28.909,103.8,7959.201,4188.701,3770.5,11.139,56.7153,55.2694,58.1926,50.9434,49.7431,52.1499,12.7922,12.3012,13.2501,5.6642,5.4293,5.8687,2048.296,76.4276,25402.362,3131.51,118.7514,243.4377,255.1675,231.4981,404.557,430.8066,378.0122,187.9223,201.831,174.1973,303.0644,328.5956,277.6917,-1040.429,-1.456
14,941,f,,,199.0,5,Development group,902,Least developed countries,2,Medium,2004,722865.028,731736.888,365118.394,366618.493,36.396,99.5908,17.3328,19353.263,26.416,17743.72,2.425,28.5834,27294.746,4861.693,37.256,4.9338,1.9881,28.885,103.8,7941.483,4176.929,3764.554,10.84,57.2381,55.7953,58.7091,51.131,49.9327,52.3327,12.8331,12.3399,13.292,5.6802,5.4388,5.8888,2000.592,73.5793,25817.489,3046.134,113.7691,236.5045,248.1426,224.6668,397.1601,423.258,370.8482,184.8092,198.4633,171.3433,299.0572,324.3266,274.0189,-1609.557,-2.197
14,941,f,,,199.0,5,Development group,902,Least developed countries,2,Medium,2005,740608.748,749852.832,374030.301,375822.531,37.297,99.5231,17.4249,19737.351,26.297,18488.168,2.466,28.1082,27634.191,4838.124,36.818,4.864,1.9773,28.894,103.8,7896.84,4167.503,3729.337,10.521,57.8142,56.2888,59.3732,51.3639,50.0866,52.6486,12.8616,12.3233,13.365,5.6787,5.406,5.9149,1948.1,70.7518,26181.88,2950.194,108.7237,228.6844,240.8986,216.2552,388.4515,415.9207,360.766,180.5903,194.952,166.4154,293.7539,320.3102,267.4598,-1249.139,-1.664
14,941,f,,,199.0,5,Development group,902,Least developed countries,2,Medium,2006,759096.916,768211.301,383008.861,385202.441,38.2102,99.4305,17.5116,20223.33,26.287,18228.771,2.373,29.2097,28057.845,4878.803,36.471,4.8006,1.9688,28.872,103.8,7834.515,4134.297,3700.218,10.184,58.4518,56.9183,60.0171,51.6553,50.37,52.946,12.8889,12.3329,13.4089,5.6731,5.3847,5.9213,1900.498,68.0064,26627.56,2858.257,103.7829,219.927,231.8488,207.8015,378.362,405.9191,350.6724,175.2381,189.3375,161.3391,287.0616,313.5873,260.8897,-1994.618,-2.593
14,941,f,,,199.0,5,Development group,902,Least developed countries,2,Medium,2007,777325.687,786317.081,391845.243,394471.837,39.1108,99.3341,17.5849,20628.935,26.187,17982.787,2.287,30.3081,28452.089,4954.601,36.118,4.7375,1.9584,28.843,103.8,7823.154,4136.482,3686.672,9.931,58.9287,57.337,60.5548,51.8039,50.4595,53.155,12.8594,12.2788,13.4031,5.6307,5.3243,5.893,1853.869,65.3991,27045.398,2772.509,99.2432,212.9077,225.3231,200.2845,370.9203,399.6268,342.103,171.8583,186.6969,157.2233,282.969,310.619,255.7203,-2646.325,-3.359
14,941,f,,,199.0,5,Development group,902,Least developed countries,2,Medium,2008,795308.474,804637.336,400766.197,403871.139,40.022,99.2312,17.6607,20817.628,25.835,18657.725,2.319,29.8899,28724.047,4936.524,35.647,4.6674,1.9362,28.83,103.8,7906.419,4168.031,3738.388,9.812,59.1136,57.5712,60.6836,51.8019,50.5156,53.0878,12.8436,12.2665,13.3818,5.6252,5.3121,5.8898,1813.716,63.313,27339.98,2717.158,96.1204,209.9703,221.8853,197.8555,368.9732,396.2648,341.6769,171.735,185.3478,158.3258,283.0306,308.9894,257.5711,-2159.901,-2.68
14,941,f,,,199.0,5,Development group,902,Least developed countries,2,Medium,2009,813966.199,823699.831,410049.205,413650.626,40.9701,99.1294,17.7514,21402.674,25.95,19467.264,2.364,29.3209,29090.438,4937.964,35.271,4.604,1.9336,28.813,103.7,7687.764,4077.091,3610.673,9.321,60.1,58.4142,61.8196,52.3802,50.9479,53.8163,12.9858,12.3791,13.551,5.6699,5.3545,5.9327,1757.76,60.6335,27736.483,2603.851,90.9729,198.1135,211.3556,184.6636,352.4172,382.7027,322.0563,162.8333,178.69,147.1786,270.4488,299.4552,241.9135,-1935.42,-2.347
14,941,f,,,199.0,5,Development group,902,Least developed countries,2,Medium,2010,833433.463,843512.716,419774.121,423738.596,41.9556,99.0644,17.8494,21748.412,25.756,20158.507,2.39,29.002,29438.547,5013.668,34.863,4.5324,1.9111,28.766,103.7,7690.135,4081.623,3608.512,9.107,60.5229,58.8042,62.274,52.6413,51.1629,54.1224,13.1225,12.5024,13.6984,5.761,5.4379,6.027,1726.25,58.8164,28101.255,2553.91,88.1041,194.0526,207.474,180.4392,346.3529,377.2694,315.377,160.0689,176.5304,143.8029,265.9853,295.7562,236.6933,-1589.898,-1.883
14,941,f,,,199.0,5,Development group,902,Least developed countries,2,Medium,2011,853591.97,864134.637,429944.736,434189.901,42.9813,99.0223,17.9578,22217.572,25.691,21085.334,2.44,28.4077,29772.479,5013.204,34.427,4.4636,1.9001,28.751,103.7,7554.907,4027.46,3527.447,8.736,61.3113,59.4989,63.1601,53.1284,51.5586,54.7034,13.22,12.5709,13.8229,5.7813,5.4486,6.0535,1682.014,56.6517,28458.887,2469.908,84.1826,184.2818,198.5136,169.8453,333.1174,365.6368,300.5082,152.274,169.8223,134.9,255.7217,287.0032,224.9119,-1132.357,-1.309
14,941,f,,,199.0,5,Development group,902,Least developed countries,2,Medium,2012,874677.304,885375.142,440430.562,444944.58,44.0378,98.9855,18.0726,22647.258,25.558,21395.676,2.417,28.678,30141.114,5061.093,34.015,4.3935,1.8825,28.725,103.8,7493.856,4020.152,3473.704,8.457,61.9123,59.9722,63.8996,53.4877,51.7793,55.2115,13.3377,12.6104,14.0187,5.8406,5.4567,6.1575,1641.251,54.6028,28848.291,2395.875,80.656,177.5504,192.5096,162.3785,323.7329,358.179,289.1501,147.3557,166.1783,128.6839,248.7977,282.0951,215.9431,-1251.611,-1.412
14,941,f,,,199.0,5,Development group,902,Least developed countries,2,Medium,2013,896072.98,907133.96,451173.4,455960.561,45.1201,98.9501,18.188,23091.986,25.439,22121.96,2.439,28.4193,30578.357,5091.703,33.686,4.3395,1.8709,28.713,103.8,7486.371,4053.996,3432.375,8.247,62.3808,60.2538,64.5774,53.7286,51.8262,55.6671,13.364,12.5287,14.1561,5.8368,5.3858,6.2142,1607.541,52.7201,29302.88,2336.142,77.561,171.4739,187.6442,155.0607,316.0589,353.5102,278.3451,143.1323,163.8492,122.5306,243.475,279.8597,207.4546,-970.119,-1.069
14,941,f,,,199.0,5,Development group,902,Least developed countries,2,Medium,2014,918194.94,929398.043,462177.66,467220.384,46.2275,98.9207,18.3074,23541.764,25.311,22406.206,2.411,28.7494,31035.26,5081.382,33.368,4.2877,1.8567,28.706,103.8,7493.496,4046.726,3446.77,8.057,62.8141,60.7203,64.9632,53.9708,52.0992,55.8642,13.4306,12.6343,14.1732,5.863,5.4476,6.2011,1579.413,51.0374,29774.138,2286.221,74.8169,166.544,182.5932,150.2579,309.2602,346.283,272.0307,139.7151,160.2817,119.2645,238.6664,274.5783,203.1553,-1135.715,-1.221
14,941,f,,,199.0,5,Development group,902,Least developed countries,2,Medium,2015,940601.146,951928.214,473349.466,478578.748,47.3481,98.9073,18.4245,23987.941,25.177,22654.137,2.38,29.1238,31500.794,5093.414,33.063,4.2406,1.844,28.708,103.8,7512.853,4061.474,3451.379,7.886,63.2189,61.0929,65.3973,54.1983,52.2928,56.1218,13.5128,12.7193,14.2468,5.8968,5.4917,6.2218,1554.28,49.4813,30252.47,2240.725,72.2623,162.21,178.702,145.467,303.0626,340.6124,265.2804,136.7814,157.8996,115.7678,234.3378,270.7453,198.3058,-1333.828,-1.4
14,941,f,,,199.0,5,Development group,902,Least developed countries,2,Medium,2016,963255.283,975265.946,484975.073,490290.874,48.5089,98.9158,18.5451,24497.239,25.108,24021.327,2.463,28.1424,31969.587,5133.61,32.767,4.1952,1.8338,28.695,103.8,7472.348,4048.231,3424.117,7.659,63.7597,61.5876,65.9827,54.5418,52.589,56.5105,13.6356,12.824,14.3825,5.9517,5.5414,6.2778,1526.593,47.8847,30736.406,2189.28,69.5671,156.3492,173.047,139.3912,294.6737,332.8123,256.2962,132.2677,153.7529,110.8915,228.028,264.9668,191.461,-476.045,-0.488
14,941,f,,,199.0,5,Development group,902,Least developed countries,2,Medium,2017,987276.61,999288.86,496960.925,502327.935,49.7038,98.9316,18.6719,24915.886,24.919,24024.5,2.404,28.8331,32404.698,5143.242,32.409,4.142,1.8173,28.695,103.8,7488.812,4055.023,3433.789,7.49,64.1711,62.0023,66.3844,54.7741,52.8136,56.7452,13.7479,12.9415,14.4841,6.0076,5.6034,6.3252,1500.281,46.4124,31186.752,2140.707,67.0539,152.3361,169.0572,135.3485,288.8005,326.6954,250.6727,129.8262,151.4079,108.3442,224.1114,260.863,187.7075,-891.463,-0.892
14,941,f,,,199.0,5,Development group,902,Least developed countries,2,Medium,2018,1011301.11,1023493.79,508999.564,514494.226,50.9077,98.932,18.8006,25432.863,24.832,24385.36,2.383,29.0872,32931.94,5211.522,32.154,4.1013,1.8069,28.677,103.8,7499.077,4066.945,3432.132,7.322,64.6089,62.4037,66.8554,55.0524,53.0578,57.0536,13.8839,13.0984,14.5933,6.0753,5.6983,6.3666,1479.245,45.0437,31724.699,2101.357,64.7995,148.3407,165.815,130.5676,282.4485,321.105,243.4788,126.9576,149.4052,104.5853,219.485,256.9418,182.2998,-1047.509,-1.023
14,941,f,,,199.0,5,Development group,902,Least developed countries,2,Medium,2019,1035686.47,1048193.55,521249.818,526943.733,52.1363,98.9194,18.934,25940.481,24.733,25014.161,2.387,29.0384,33489.48,5295.518,31.93,4.0645,1.7971,28.656,103.8,7548.999,4112.571,3436.428,7.197,64.9648,62.6784,67.301,55.2642,53.1866,57.3563,13.9524,13.091,14.7356,6.0997,5.6712,6.4355,1461.969,43.7798,32290.563,2070.012,62.8042,144.2575,161.6691,126.5412,277.0877,316.5731,237.2527,124.0402,146.6183,101.5486,215.6804,253.9212,177.6836,-926.235,-0.883
14,941,f,,,199.0,5,Development group,902,Least developed countries,2,Medium,2020,1060700.631,1073743.45,533972.25,539771.201,53.4071,98.9257,19.0741,25988.89,24.202,26085.638,2.43,28.5246,33955.125,5350.718,31.62,4.0163,1.7827,28.639,103.8,7966.235,4334.206,3632.029,7.418,64.4953,62.2509,66.8064,54.5843,52.5453,56.6572,13.283,12.3295,14.1771,5.7913,5.2115,6.2774,1441.351,42.5503,32768.057,2031.878,60.7489,138.7712,155.234,122.028,282.4766,321.048,243.6353,121.726,143.5999,99.9829,223.4942,260.7882,186.5048,96.67,0.09
15,934,g,,,,5,Development group,902,"Less developed regions, excluding least developed countries",2,Medium,2000,4265823.737,4297029.546,2183305.278,2113724.267,70.1669,103.2919,23.9912,63189.711,14.703,62411.617,1.452,47.7374,95069.982,12409.715,22.121,2.6773,1.1569,27.118,108.8,31880.271,17232.69,14647.581,7.418,66.5702,64.6323,68.6106,57.2572,55.2263,59.3931,14.7091,13.5912,15.7472,6.6237,6.0487,7.0346,4833.661,50.9476,91359.848,6532.496,69.0057,130.046,138.0282,121.7183,247.0324,277.3402,215.0511,95.5095,111.7857,78.4581,180.6389,212.7011,146.8335,-777.834,-0.181
15,934,g,,,,5,Development group,902,"Less developed regions, excluding least developed countries",2,Medium,2001,4328235.354,4358971.287,2214984.288,2143986.999,71.1784,103.3115,24.2468,62759.479,14.396,61471.866,1.41,49.1594,94665.871,12482.321,21.715,2.6334,1.1419,27.125,108.7,31906.392,17372.08,14534.312,7.319,66.9624,64.9246,69.1191,57.5001,55.3691,59.7528,14.8849,13.6797,16.0149,6.7377,6.0957,7.2049,4687.997,49.5076,91057.33,6317.369,66.8436,127.2047,135.2814,118.774,242.4484,273.5595,209.6243,94.4535,110.9337,77.1821,177.7876,210.5936,143.2062,-1287.375,-0.295
15,934,g,,,,5,Development group,902,"Less developed regions, excluding least developed countries",2,Medium,2002,4389707.22,4419225.909,2245729.248,2173496.661,72.1623,103.3233,24.499,62280.745,14.088,59037.378,1.336,51.8823,94370.402,12184.074,21.347,2.5937,1.1283,27.154,108.6,32089.657,17471.837,14617.82,7.259,67.31,65.2699,69.4664,57.6819,55.5504,59.9327,14.969,13.7574,16.1055,6.7778,6.129,7.2514,4528.903,47.9483,90868.396,6088.522,64.5174,123.9888,131.8898,115.7426,237.5415,268.4365,204.9974,93.1016,109.3329,76.0928,174.733,207.2598,140.4944,-3243.035,-0.734
15,934,g,,,,5,Development group,902,"Less developed regions, excluding least developed countries",2,Medium,2003,4448744.598,4478482.827,2275969.086,2202513.741,73.1299,103.3351,24.7495,61744.414,13.783,59476.458,1.328,52.1948,94076.776,11873.887,21.001,2.5554,1.1152,27.163,108.7,32332.362,17634.934,14697.428,7.218,67.6354,65.5618,69.8296,57.8176,55.6592,60.0985,15.0353,13.809,16.1883,6.7981,6.1446,7.277,4350.693,46.2,90694.757,5834.754,61.9766,121.0119,129.0488,112.604,233.0645,264.3077,200.1604,92.4261,108.7692,75.2908,172.4059,205.1735,137.9344,-2267.751,-0.506
15,934,g,,,,5,Development group,902,"Less developed regions, excluding least developed countries",2,Medium,2004,4508221.056,4538188.274,2306420.042,2231768.232,74.1048,103.345,24.9993,61713.9,13.596,59934.435,1.321,52.4714,94475.131,11175.123,20.813,2.5379,1.1095,27.242,108.7,32761.231,17880.285,14880.946,7.217,67.8627,65.7748,70.0725,57.9181,55.7566,60.2011,15.1032,13.8608,16.2734,6.8356,6.1661,7.3285,4211.551,44.581,91182.397,5657.599,59.9655,119.2404,127.2938,110.7899,230.208,261.2803,197.5035,92.2952,108.3982,75.4077,170.9654,203.397,136.8913,-1779.251,-0.392
15,934,g,,,,5,Development group,902,"Less developed regions, excluding least developed countries",2,Medium,2005,4568155.491,4598085.37,2337023.527,2261061.842,75.0829,103.3596,25.2557,61845.831,13.448,59859.757,1.302,53.2371,94672.21,10321.84,20.585,2.5152,1.1039,27.36,108.7,32826.379,17955.552,14870.827,7.137,68.3035,66.1746,70.5584,58.1573,55.959,60.4808,15.19,13.9309,16.3776,6.8748,6.1952,7.3769,4055.276,42.8205,91487.164,5418.214,57.3337,114.849,123.0408,106.2369,223.6685,255.222,190.4512,89.9602,106.3313,72.7778,166.687,199.5263,132.1843,-1985.812,-0.432
15,934,g,,,,5,Development group,902,"Less developed regions, excluding least developed countries",2,Medium,2006,4628015.248,4658387.1,2367991.094,2290396.006,76.0676,103.3878,25.5215,62109.183,13.33,60743.704,1.304,53.1555,95071.805,9914.386,20.405,2.4969,1.1003,27.45,108.7,32962.622,18075.514,14887.108,7.075,68.706,66.5258,71.018,58.3666,56.1271,60.7353,15.2856,14.0157,16.4834,6.9228,6.2394,7.4283,3907.084,41.0994,91984.728,5196.816,54.8333,110.9735,119.593,101.8827,218.1628,250.443,184.1426,88.2139,105.024,70.5474,163.3945,196.8266,128.2458,-1365.203,-0.293
15,934,g,,,,5,Development group,902,"Less developed regions, excluding least developed countries",2,Medium,2007,4688758.952,4719447.795,2399423.216,2320024.578,77.0646,103.4223,25.7946,62696.599,13.281,61377.686,1.301,53.278,96058.551,9798.858,20.349,2.4907,1.1009,27.487,108.7,33361.952,18329.644,15032.308,7.068,68.9963,66.7813,71.349,58.4881,56.2154,60.8958,15.3317,14.0422,16.551,6.9409,6.2477,7.4557,3790.687,39.5151,93044.613,5019.744,52.5825,107.8709,116.5598,98.6859,214.2078,246.9368,179.7131,87.0738,104.0269,69.2411,161.3699,195.2146,125.7889,-1318.701,-0.279
15,934,g,,,,5,Development group,902,"Less developed regions, excluding least developed countries",2,Medium,2008,4750136.638,4781078.665,2431099.609,2349979.056,78.071,103.452,26.0713,63323.424,13.242,61884.054,1.294,53.5662,97145.198,10052.464,20.314,2.4878,1.1023,27.512,108.7,33821.774,18575.993,15245.781,7.072,69.2537,67.034,71.6098,58.5924,56.3173,61.0008,15.3882,14.1017,16.603,6.9739,6.2878,7.4825,3684.864,37.9884,94199.936,4864.316,50.4727,105.295,113.8604,96.223,211.1023,243.9766,176.4748,86.2889,103.1641,68.5297,160.033,193.989,124.3567,-1439.343,-0.301
15,934,g,,,,5,Development group,902,"Less developed regions, excluding least developed countries",2,Medium,2009,4812020.692,4843390.65,2463001.134,2380389.516,79.0885,103.4705,26.3576,63868.474,13.185,62739.915,1.295,53.5249,97909.354,9685.454,20.212,2.4794,1.1021,27.55,108.6,34040.88,18721.139,15319.741,7.027,69.6261,67.3774,72.0128,58.8004,56.5007,61.2344,15.4804,14.1876,16.7002,7.0247,6.3366,7.5346,3571.932,36.5209,95041.777,4698.845,48.3588,101.6495,110.272,92.4963,206.0837,239.3038,171.0955,84.0711,101.0231,66.2161,156.9053,191.137,120.9476,-1128.521,-0.233
15,934,g,,,,5,Development group,902,"Less developed regions, excluding least developed countries",2,Medium,2010,4874760.607,4906070.53,2494883.058,2411187.472,80.112,103.4711,26.6451,63763.968,12.995,62619.847,1.276,54.3219,98097.374,9542.069,19.992,2.457,1.0955,27.541,108.6,34333.406,18877.582,15455.824,6.997,69.9534,67.7013,72.3406,58.9829,56.6811,61.4159,15.5681,14.2749,16.7862,7.0734,6.3852,7.5831,3453.031,35.2091,95314.952,4534.742,46.4746,98.5099,106.9676,89.5187,202.0766,235.138,167.2816,82.0172,98.6848,64.4517,154.5891,188.6195,118.8668,-1143.847,-0.233
15,934,g,,,,5,Development group,902,"Less developed regions, excluding least developed countries",2,Medium,2011,4937380.454,4968329.558,2526453.399,2441876.158,81.1287,103.4636,26.9304,63850.199,12.849,61898.207,1.246,55.6298,98433.5,9377.464,19.808,2.4426,1.0931,27.543,108.4,34583.301,19022.015,15561.286,6.959,70.3006,68.0325,72.7022,59.1824,56.871,61.6228,15.6748,14.378,16.8938,7.1371,6.4442,7.6498,3335.596,33.9005,95733.139,4371.512,44.6067,95.2418,103.7611,86.172,198.0511,231.0294,163.3366,79.831,96.3696,62.3835,152.3041,186.1487,116.7738,-1951.69,-0.393
15,934,g,,,,5,Development group,902,"Less developed regions, excluding least developed countries",2,Medium,2012,4999278.661,5030952.958,2558219.667,2472733.291,82.1513,103.4572,27.2068,65199.747,12.956,63348.595,1.259,55.0554,100081.209,9250.891,19.887,2.4658,1.1067,27.562,108.4,34881.462,19208.929,15672.533,6.931,70.6364,68.3452,73.0612,59.3804,57.0524,61.8366,15.8053,14.49,17.0415,7.2229,6.509,7.7524,3240.332,32.4403,97442.125,4244.616,42.7595,92.4461,101.0259,83.2962,194.6485,227.3674,160.1924,78.1964,94.5676,60.904,150.5351,184.0041,115.3899,-1850.925,-0.368
15,934,g,,,,5,Development group,902,"Less developed regions, excluding least developed countries",2,Medium,2013,5062627.256,5093639.797,2589982.36,2503657.437,83.1749,103.448,27.4891,63932.757,12.55,62025.082,1.218,56.9086,99040.529,9173.139,19.442,2.4273,1.093,27.573,108.1,35107.772,19316.151,15791.621,6.892,70.967,68.677,73.3847,59.6062,57.2848,62.049,15.9487,14.6313,17.1827,7.3126,6.593,7.8449,3124.014,31.4961,96496.308,4096.67,41.415,89.7486,98.3051,80.6112,191.2561,223.3584,157.4442,76.3742,92.4679,59.3557,148.4049,181.1539,114.0122,-1907.506,-0.374
15,934,g,,,,5,Development group,902,"Less developed regions, excluding least developed countries",2,Medium,2014,5124652.338,5155576.852,2621359.038,2534217.814,84.1863,103.4386,27.7826,63485.422,12.312,61849.027,1.2,57.7623,98800.23,9100.84,19.161,2.4142,1.0901,27.659,108.1,35314.808,19393.129,15921.679,6.849,71.3298,69.0583,73.72,59.84,57.5445,62.247,16.092,14.7702,17.3268,7.4009,6.6711,7.9402,2992.098,30.2659,96353.304,3926.121,39.7443,86.7619,95.0927,77.8547,187.3945,218.4251,154.7251,74.5404,90.039,58.1392,146.0742,177.615,112.9679,-1636.239,-0.317
15,934,g,,,,5,Development group,902,"Less developed regions, excluding least developed countries",2,Medium,2015,5186501.365,5216435.194,2652158.57,2564276.625,85.18,103.4272,28.0885,61702.66,11.827,59867.659,1.148,60.3787,97348.248,8110.322,18.66,2.3737,1.0746,27.835,107.9,35645.588,19548.261,16097.327,6.833,71.6204,69.3614,73.9917,60.0332,57.7543,62.4171,16.2288,14.8963,17.4715,7.4824,6.7374,8.0329,2870.277,29.4302,94997.038,3763.056,38.4839,84.45,92.5618,75.7682,184.5829,214.7003,152.8796,73.1226,88.1066,57.2515,144.4347,174.9759,112.3812,-1835.057,-0.352
15,934,g,,,,5,Development group,902,"Less developed regions, excluding least developed countries",2,Medium,2016,5246369.024,5275583.39,2681806.994,2593776.396,86.1459,103.3939,28.4044,61517.313,11.657,58428.733,1.108,62.5584,97631.526,7717.884,18.5,2.3761,1.0778,28.028,107.8,36114.213,19823.581,16290.632,6.843,71.8805,69.6038,74.2708,60.1816,57.8853,62.5844,16.3408,14.9778,17.6137,7.5482,6.7782,8.1193,2769.82,28.3882,95350.588,3622.702,37.0603,82.3687,90.4386,73.7229,182.0233,211.7074,150.7514,72.198,86.9957,56.5004,143.2038,173.2763,111.6126,-3088.639,-0.585
15,934,g,,,,5,Development group,902,"Less developed regions, excluding least developed countries",2,Medium,2017,5304797.757,5333614.388,2710632.851,2622981.538,87.0935,103.3417,28.7205,60371.178,11.316,57633.262,1.081,64.1209,97067.216,7599.608,18.195,2.3578,1.0724,28.082,107.7,36696.038,20230.419,16465.619,6.879,72.1041,69.7606,74.5737,60.2941,57.9365,62.7705,16.4061,14.9821,17.7442,7.5782,6.7674,8.1852,2660.799,27.3919,94873.545,3473.774,35.7002,80.186,88.3424,71.4411,179.3662,209.3099,147.7883,71.1668,85.9906,55.4243,141.8446,172.084,110.05,-2737.684,-0.513
15,934,g,,,,5,Development group,902,"Less developed regions, excluding least developed countries",2,Medium,2018,5362431.019,5389562.548,2738364.012,2651198.537,88.0071,103.2878,29.0454,56895.151,10.557,54263.059,1.007,68.8329,93887.418,7391.129,17.42,2.2789,1.0392,28.13,107.3,36992.267,20312.528,16679.739,6.863,72.3722,70.0639,74.7925,60.5145,58.1976,62.9355,16.5522,15.1484,17.8619,7.6624,6.8764,8.2459,2553.349,27.0754,91784.607,3332.468,35.0688,78.7112,86.6137,70.2387,176.3406,205.5236,145.5851,69.8832,84.1828,54.6909,139.392,168.7948,108.4969,-2632.062,-0.488
15,934,g,,,,5,Development group,902,"Less developed regions, excluding least developed countries",2,Medium,2019,5416694.078,5442492.034,2764457.432,2678034.602,88.8714,103.2271,29.38,54470.832,10.007,51595.912,0.948,73.1168,92059.079,7204.771,16.912,2.2329,1.0203,28.174,107.1,37588.247,20617.903,16970.344,6.905,72.5593,70.2516,74.9767,60.6372,58.3271,63.0485,16.6278,15.2223,17.9374,7.7006,6.9233,8.2772,2450.547,26.5535,90031.829,3197.368,34.2915,77.3887,85.2183,68.9917,173.8541,202.8103,143.3293,69.2046,83.2561,54.2637,137.6532,166.7464,107.0771,-2874.838,-0.528
15,934,g,,,,5,Development group,902,"Less developed regions, excluding least developed countries",2,Medium,2020,5468289.99,5491051.458,2787944.878,2703106.58,89.6643,103.1385,29.7218,48170.673,8.772,45522.936,0.829,83.6124,89009.208,7054.733,16.209,2.158,0.9887,28.167,106.8,40838.535,22606.941,18231.594,7.437,71.912,69.4992,74.4852,59.9033,57.4902,62.4694,16.0932,14.5816,17.5408,7.4172,6.5341,8.0996,2343.109,26.2067,87070.308,3058.151,33.7318,76.2901,84.1633,67.8431,180.0938,210.8638,147.5953,70.8904,85.3211,55.5341,144.8636,175.7673,112.3247,-2647.761,-0.482
16,948,,,,,5,Development group,1803,"Less developed regions, excluding China",2,Medium,2000,3631286.123,3665590.826,1852756.928,1812833.898,51.118,102.2022,20.784,71156.27,19.404,68609.407,1.872,37.0271,103034.14,16370.916,28.097,3.5098,1.4767,27.844,106.2,31877.87,17024.564,14853.306,8.693,62.6002,60.7927,64.4865,54.8714,53.015,56.8024,14.0392,13.0579,14.9457,6.4927,5.9834,6.8788,6522.089,63.4346,98202.008,9297.532,90.9358,173.7426,182.8932,164.2702,310.6783,341.4131,278.6693,127.7668,144.5873,110.2712,227.6924,260.2619,193.8862,-2546.591,-0.694
16,948,,,,,5,Development group,1803,"Less developed regions, excluding China",2,Medium,2001,3699895.53,3734754.124,1887773.084,1846981.04,52.0825,102.2086,20.9775,71876.092,19.239,69717.188,1.867,37.1263,103943.268,16488.853,27.822,3.4632,1.4635,27.81,106.2,32067.176,17145.979,14921.197,8.583,62.9321,61.1007,64.844,54.9907,53.1142,56.9437,14.1087,13.1101,15.0315,6.5212,6.0038,6.9149,6378.883,61.504,99185.797,9052.057,87.8783,170.3989,179.5184,160.9571,306.4833,337.4521,274.2224,126.9909,143.7583,109.5566,225.8524,258.5617,191.8886,-2158.658,-0.578
16,948,,,,,5,Development group,1803,"Less developed regions, excluding China",2,Medium,2002,3769612.718,3804249.98,1922911.905,1881338.076,53.0516,102.2098,21.1729,72061.838,18.936,69274.525,1.821,38.0641,104220.375,16226.452,27.386,3.402,1.4441,27.825,106.1,32158.537,17201.555,14956.982,8.45,63.315,61.4717,65.2377,55.1691,53.2859,57.1276,14.1807,13.1697,15.1144,6.5477,6.0178,6.9519,6212.962,59.6452,99564.153,8788.728,84.8882,166.4307,175.4926,157.0499,300.9592,331.8356,268.8064,125.1786,141.7779,107.9298,222.5175,255.0029,188.7932,-2786.96,-0.732
16,948,,,,,5,Development group,1803,"Less developed regions, excluding China",2,Medium,2003,3838887.243,3873581.378,1957958.792,1915622.587,54.0185,102.21,21.3756,72212.113,18.635,69388.271,1.791,38.7017,104474.048,15956.68,26.961,3.3436,1.426,27.829,106.1,32261.935,17292.675,14969.26,8.326,63.6923,61.806,65.6628,55.3177,53.3996,57.3147,14.2328,13.1978,15.1899,6.5461,6.0064,6.9588,6022.692,57.6601,99931.835,8492.524,81.6993,162.3379,171.5823,152.7501,295.4807,326.8186,262.8177,123.7614,140.5385,106.3282,219.5194,252.3194,185.4505,-2823.754,-0.729
16,948,,,,,5,Development group,1803,"Less developed regions, excluding China",2,Medium,2004,3908275.514,3943013.824,1993031.931,1949981.893,54.9867,102.2077,21.5878,72440.066,18.364,69476.619,1.762,39.3387,105003.762,15303.631,26.619,3.2986,1.4109,27.874,106.1,32563.696,17461.698,15101.998,8.255,63.9489,62.0523,65.9296,55.4121,53.496,57.4051,14.2865,13.2351,15.2587,6.5676,6.0091,6.9958,5861.64,55.8659,100549.513,8267.164,79.1554,159.7692,169.0486,150.1273,292.025,323.0692,259.6646,123.2806,139.8008,106.1194,217.8179,250.1137,184.2856,-2963.203,-0.751
16,948,,,,,5,Development group,1803,"Less developed regions, excluding China",2,Medium,2005,3977752.133,4012828.84,2028328.444,1984500.396,55.9603,102.2085,21.8047,72889.166,18.158,70153.415,1.748,39.6537,105365.854,14356.199,26.248,3.2529,1.3988,27.963,106.1,32476.688,17459.102,15017.586,8.09,64.4419,62.4923,66.4807,55.6735,53.7127,57.7152,14.3563,13.287,15.3451,6.5823,6.0136,7.0185,5678.221,53.9137,101020.238,7967.05,75.9834,154.2199,163.8326,144.215,284.155,315.9337,250.9798,119.9332,136.9191,102.2769,212.3915,245.2857,178.1964,-2735.457,-0.681
16,948,,,,,5,Development group,1803,"Less developed regions, excluding China",2,Medium,2006,4047905.548,4083174.402,2063991.482,2019182.92,56.9413,102.2191,22.026,73445.372,17.98,70537.709,1.728,40.1127,105920.393,13972.007,25.93,3.2104,1.3883,27.991,106.0,32475.021,17518.168,14956.853,7.95,64.8884,62.8708,67.0035,55.8912,53.8714,57.9989,14.4194,13.3254,15.432,6.5998,6.0167,7.0472,5504.557,52.01,101674.351,7683.863,72.9453,149.0855,159.2113,138.521,277.3544,310.1227,243.0744,117.2176,134.8229,98.8976,208.0749,241.8273,172.9271,-2907.446,-0.712
16,948,,,,,5,Development group,1803,"Less developed regions, excluding China",2,Medium,2007,4118443.257,4153792.558,2099860.141,2053932.417,57.9261,102.2361,22.2496,74261.354,17.869,70698.602,1.702,40.7255,106949.103,13930.539,25.734,3.1793,1.3808,27.956,106.0,32687.749,17655.602,15032.147,7.865,65.2284,63.1803,67.3772,56.0274,53.9819,58.1632,14.4471,13.3443,15.4673,6.5981,6.0133,7.0455,5360.018,50.2056,102781.887,7445.886,70.1696,144.9281,155.2473,134.1415,272.2744,305.5108,237.4641,115.3302,133.1669,96.7559,205.2288,239.361,169.6491,-3562.727,-0.857
16,948,,,,,5,Development group,1803,"Less developed regions, excluding China",2,Medium,2008,4189141.859,4224970.817,2135948.6,2089022.217,58.9187,102.2463,22.4727,74819.318,17.701,71657.916,1.696,40.8695,107812.288,14164.994,25.507,3.1471,1.3711,27.928,105.9,32992.97,17813.455,15179.515,7.806,65.5018,63.4513,67.6512,56.1429,54.0988,58.2748,14.491,13.3911,15.5055,6.6219,6.0457,7.0594,5226.671,48.5516,103724.709,7248.561,67.7983,141.7837,151.9894,131.1003,268.6172,301.8929,233.7603,113.9954,131.688,95.5667,203.3135,237.4134,167.7652,-3161.365,-0.748
16,948,,,,,5,Development group,1803,"Less developed regions, excluding China",2,Medium,2009,4260799.775,4297283.188,2172475.879,2124807.308,59.9271,102.2434,22.6974,75707.209,17.611,72966.825,1.698,40.8214,108655.178,13805.076,25.275,3.1173,1.3652,27.922,105.9,32947.969,17834.408,15113.561,7.664,65.9783,63.8749,68.1852,56.3914,54.3013,58.5729,14.5728,13.4659,15.5918,6.662,6.0871,7.096,5075.593,46.7842,104658.632,6996.013,64.9372,136.3165,146.8491,125.2708,261.7043,295.9625,225.785,110.7826,128.9881,91.7999,198.9419,233.9273,162.4442,-2740.38,-0.637
16,948,,,,,5,Development group,1803,"Less developed regions, excluding China",2,Medium,2010,4333766.6,4370619.062,2209394.727,2161224.335,60.9498,102.2288,22.9224,76250.14,17.44,73704.924,1.686,41.1119,109344.086,13803.463,25.009,3.082,1.3543,27.875,105.9,33093.946,17910.517,15183.429,7.569,66.3382,64.2309,68.5461,56.5985,54.5046,58.7809,14.6633,13.5605,15.6752,6.7153,6.1457,7.1424,4944.541,45.2735,105430.346,6804.351,62.7174,132.5661,142.9766,121.6397,256.8759,291.1547,220.9686,108.3464,126.4006,89.5138,195.8101,230.7864,159.3535,-2544.929,-0.582
16,948,,,,,5,Development group,1803,"Less developed regions, excluding China",2,Medium,2011,4407471.524,4444479.276,2246533.444,2197945.832,61.9798,102.2106,23.1456,77024.539,17.323,74015.504,1.665,41.6305,110103.74,13706.71,24.763,3.0527,1.3482,27.855,105.9,33079.201,17923.53,15155.671,7.44,66.7941,64.6587,69.03,56.8583,54.7449,59.059,14.7647,13.6619,15.7735,6.7772,6.2082,7.2011,4801.461,43.66,106279.105,6579.501,60.2081,127.4659,138.1375,116.2542,250.6365,285.2186,214.4116,104.9815,123.1598,86.001,191.7879,226.9239,155.1717,-3008.878,-0.677
16,948,,,,,5,Development group,1803,"Less developed regions, excluding China",2,Medium,2012,4481487.028,4518716.398,2283877.575,2234838.822,63.0151,102.1943,23.3676,77513.99,17.148,74458.739,1.648,42.0599,110686.752,13624.044,24.486,3.0223,1.34,27.838,105.8,33172.762,18004.834,15167.928,7.338,67.1808,65.0146,69.4487,57.0923,54.9551,59.3171,14.8955,13.7754,15.9193,6.8715,6.2823,7.3099,4667.463,42.2039,106947.361,6383.997,58.06,123.7468,134.6382,112.2938,245.9417,280.5463,209.6905,102.6198,120.8231,83.5928,188.8396,223.8633,152.3432,-3055.046,-0.676
16,948,,,,,5,Development group,1803,"Less developed regions, excluding China",2,Medium,2013,4555945.767,4593452.916,2321454.102,2271998.814,64.0573,102.1767,23.5893,77818.938,16.935,75014.298,1.633,42.4462,111062.273,13610.546,24.17,2.9897,1.3307,27.829,105.7,33243.335,18071.458,15171.877,7.235,67.5765,65.3785,69.8767,57.3475,55.186,59.596,15.0375,13.8996,16.076,6.9726,6.3655,7.4225,4540.12,40.9017,107407.218,6201.776,56.1429,119.9033,131.0484,108.1714,241.1396,275.6906,204.933,99.9479,118.2058,80.8423,185.6529,220.4751,149.3618,-2804.586,-0.61
16,948,,,,,5,Development group,1803,"Less developed regions, excluding China",2,Medium,2014,4630960.065,4668406.364,2359172.752,2309233.611,65.1026,102.1626,23.8122,77527.413,16.602,74892.597,1.604,43.2137,110822.755,13533.738,23.732,2.9472,1.3157,27.885,105.7,33295.342,18046.005,15249.337,7.13,67.9774,65.8194,70.2254,57.6126,55.4995,59.7996,15.1884,14.0665,16.2066,7.0763,6.4706,7.5217,4391.463,39.6136,107274.582,5995.327,54.2383,116.2899,127.1903,104.8122,236.2933,269.5639,201.4742,97.3796,114.9334,79.0076,182.3647,215.7296,147.6417,-2634.827,-0.564
16,948,,,,,5,Development group,1803,"Less developed regions, excluding China",2,Medium,2015,4705852.662,4743120.747,2396816.093,2346304.655,66.1445,102.1528,24.0356,77601.22,16.355,74536.171,1.571,44.1214,111099.908,12610.787,23.415,2.9229,1.3083,28.009,105.6,33498.688,18128.972,15369.716,7.06,68.315,66.1763,70.537,57.8234,55.7349,59.9787,15.3216,14.2027,16.3347,7.1683,6.5527,7.6193,4266.865,38.4301,107634.322,5811.846,52.4669,113.2191,124.002,101.8591,232.4711,264.8222,198.6273,95.4545,112.5594,77.5427,180.0128,212.3319,146.3921,-3065.131,-0.646
16,948,,,,,5,Development group,1803,"Less developed regions, excluding China",2,Medium,2016,4780388.833,4817302.57,2433989.524,2383313.047,67.179,102.1263,24.2588,77277.268,16.036,73827.474,1.533,45.2151,111021.643,12270.207,23.038,2.8908,1.2973,28.133,105.6,33744.375,18272.829,15471.546,7.002,68.6312,66.4805,70.8649,58.0128,55.9142,60.1779,15.4339,14.2976,16.464,7.2456,6.6108,7.7106,4145.55,37.3523,107642.13,5629.395,50.8036,110.347,121.1742,98.9357,228.7078,260.6438,195.2788,93.745,110.7301,75.9413,177.7165,209.5459,144.5833,-3449.988,-0.716
16,948,,,,,5,Development group,1803,"Less developed regions, excluding China",2,Medium,2017,4854216.307,4890862.14,2470674.554,2420187.587,68.2048,102.0861,24.4831,76778.6,15.693,73291.666,1.499,46.2406,110763.382,12184.644,22.639,2.8497,1.2824,28.154,105.5,33984.782,18393.836,15590.946,6.946,68.9489,66.7964,71.1818,58.2088,56.113,60.3682,15.5447,14.4104,16.5714,7.3136,6.6863,7.7706,4019.583,36.2865,107475.991,5443.958,49.1793,107.6346,118.4894,96.1952,224.7205,256.3331,191.6248,92.0843,108.9261,74.4248,175.1214,206.5383,142.4121,-3486.78,-0.713
16,948,,,,,5,Development group,1803,"Less developed regions, excluding China",2,Medium,2018,4927507.973,4964128.138,2507204.216,2456923.922,69.2265,102.0465,24.7085,76660.837,15.438,73240.331,1.475,46.993,111047.391,12108.28,22.362,2.8255,1.2745,28.196,105.5,34386.554,18615.6,15770.954,6.924,69.2067,67.0433,71.4514,58.3609,56.2584,60.5277,15.6135,14.478,16.6421,7.3495,6.7287,7.801,3919.227,35.315,107827.411,5293.51,47.7527,105.3092,116.1936,93.8378,221.1539,252.776,188.0351,90.6607,107.4555,73.0437,172.7401,204.0965,140.0817,-3420.511,-0.689
16,948,,,,,5,Development group,1803,"Less developed regions, excluding China",2,Medium,2019,5000748.304,5036884.042,2543348.697,2493535.344,70.2411,101.9977,24.9334,75806.695,15.045,72271.476,1.435,48.3029,110656.982,12022.287,21.962,2.7848,1.2588,28.226,105.4,34850.287,18887.108,15963.179,6.917,69.432,67.2473,71.7013,58.491,56.373,60.676,15.6715,14.5223,16.7153,7.3838,6.7608,7.8374,3814.973,34.4712,107513.882,5145.34,46.5088,103.2405,114.1072,91.7895,218.0416,249.771,184.796,89.469,106.1514,71.9672,170.7033,202.0765,138.0155,-3535.045,-0.702
16,948,,,,,5,Development group,1803,"Less developed regions, excluding China",2,Medium,2020,5073019.78,5107866.422,2578330.549,2529535.873,71.231,101.929,25.1515,72245.457,14.14,69693.284,1.364,50.8172,110475.724,11973.562,21.623,2.7493,1.246,28.225,105.3,38230.267,20878.132,17352.135,7.483,68.5773,66.3062,70.9805,57.4689,55.2612,59.7932,14.8569,13.5903,16.0493,6.9391,6.1812,7.5202,3707.237,33.5598,107410.267,4991.138,45.179,100.8029,111.4904,89.5455,227.1375,260.7855,191.8274,91.0833,108.0771,73.257,181.6949,215.0686,146.8678,-2552.276,-0.5
17,1636,h,,,432.0,5,Development group,1803,Land-locked Developing Countries (LLDC),2,Medium,2000,332684.597,335934.41,166188.08,169746.331,20.3525,97.9038,17.0579,8335.911,24.745,6499.627,1.935,35.8216,12722.564,2051.317,37.766,5.0678,1.9536,28.745,104.5,4386.653,2282.093,2104.56,13.021,53.5791,51.7397,55.4182,48.6686,46.9635,50.331,12.2292,11.4173,12.8987,5.4108,4.9871,5.6847,1061.529,83.7644,11966.164,1690.119,135.3042,280.9059,294.6567,267.0509,460.7113,495.2772,426.189,225.6039,246.7558,204.9733,354.0042,390.4889,318.291,-1836.286,-5.451
17,1636,h,,,432.0,5,Development group,1803,Land-locked Developing Countries (LLDC),2,Medium,2001,339184.224,342941.502,169694.002,173247.5,20.7771,97.9489,17.1278,8459.791,24.632,7514.556,2.191,31.6361,12847.938,2100.15,37.409,5.0005,1.9393,28.72,104.5,4388.147,2275.875,2112.272,12.777,53.9245,52.1735,55.6675,48.6457,47.0421,50.2004,12.2737,11.4423,12.9633,5.4348,5.0021,5.7184,1032.894,80.7555,12106.575,1636.274,129.893,276.8455,288.5716,265.0129,458.0977,490.4792,425.9578,227.134,245.4428,209.3665,355.4324,389.2204,322.5847,-945.212,-2.752
17,1636,h,,,432.0,5,Development group,1803,Land-locked Developing Countries (LLDC),2,Medium,2002,346698.78,351371.219,173914.987,177456.231,21.2878,98.0044,17.1991,8660.664,24.669,9344.877,2.66,26.0582,13016.882,2116.509,37.078,4.9456,1.9365,28.749,104.5,4356.218,2263.168,2093.05,12.409,54.5475,52.7436,56.3455,48.9424,47.2788,50.5593,12.3007,11.4761,12.9846,5.4372,5.0142,5.715,1006.096,77.6027,12289.673,1586.023,124.3094,268.1414,280.9118,255.249,448.2377,481.8742,414.8076,220.8032,240.4362,201.6915,348.3653,383.4538,314.1823,684.237,1.949
17,1636,h,,,432.0,5,Development group,1803,Land-locked Developing Countries (LLDC),2,Medium,2003,356043.657,360444.724,178459.825,181984.899,21.8375,98.063,17.2833,8936.972,24.787,8802.134,2.442,28.3844,13252.307,2131.062,36.756,4.8926,1.9346,28.785,104.5,4315.335,2238.739,2076.596,11.969,55.2809,53.5284,57.0208,49.2682,47.6763,50.807,12.4062,11.5493,13.1203,5.4899,5.0492,5.7818,981.549,74.3184,12536.997,1536.351,118.1943,258.8933,269.936,247.7249,437.8396,470.042,406.0317,215.9654,233.0779,199.3905,341.8641,374.9511,309.862,-134.848,-0.374
17,1636,h,,,432.0,5,Development group,1803,Land-locked Developing Countries (LLDC),2,Medium,2004,364845.791,369046.454,182766.937,186279.517,22.3586,98.1143,17.3845,9247.89,25.026,8401.325,2.277,30.4412,13516.225,2177.178,36.577,4.8449,1.936,28.762,104.5,4268.335,2219.857,2048.478,11.551,56.0211,54.213,57.8176,49.6523,48.0055,51.2479,12.4796,11.5973,13.2174,5.5309,5.0727,5.8358,956.094,71.0733,12810.008,1486.118,112.3597,248.9784,260.5537,237.283,426.0984,459.4441,393.1793,208.8367,226.5559,191.6465,333.2701,367.4133,300.2402,-846.581,-2.291
17,1636,h,,,432.0,5,Development group,1803,Land-locked Developing Countries (LLDC),2,Medium,2005,373247.116,377754.836,187121.31,190633.525,22.8862,98.1576,17.4949,9498.374,25.124,9015.44,2.387,29.0384,13727.866,2214.019,36.312,4.7867,1.9314,28.75,104.5,4229.492,2206.637,2022.855,11.188,56.6869,54.8087,58.558,49.9661,48.2582,51.6266,12.5248,11.6197,13.2848,5.5494,5.0828,5.8618,929.165,67.969,13033.123,1434.418,106.7963,240.1314,252.2859,227.8362,415.5322,450.3853,381.1081,203.0578,221.3792,185.2539,325.9331,361.4365,291.572,-482.898,-1.277
17,1636,h,,,432.0,5,Development group,1803,Land-locked Developing Countries (LLDC),2,Medium,2006,382262.556,386852.357,191670.138,195182.218,23.4374,98.2006,17.605,9806.324,25.325,9179.602,2.373,29.2097,13978.5,2210.182,36.099,4.7404,1.9319,28.771,104.5,4172.176,2182.726,1989.45,10.774,57.4662,55.5271,59.4008,50.4103,48.6383,52.1372,12.6239,11.7038,13.3977,5.5983,5.1216,5.919,905.677,65.0588,13293.574,1389.692,101.66,230.1004,242.889,217.1493,402.7447,438.8482,367.0629,195.4029,214.5162,176.7856,316.1412,352.8466,280.5775,-626.732,-1.619
17,1636,h,,,432.0,5,Development group,1803,Land-locked Developing Countries (LLDC),2,Medium,2007,391442.158,395642.095,196061.755,199580.34,23.9699,98.237,17.6888,10131.034,25.546,8399.874,2.123,32.6494,14253.694,2225.704,35.941,4.7012,1.9341,28.784,104.5,4122.66,2159.132,1963.528,10.395,58.192,56.2295,60.1487,50.7823,49.0022,52.5149,12.7115,11.7999,13.4769,5.6325,5.1641,5.9477,882.259,62.1582,13578.911,1344.859,96.5576,221.0383,234.0329,207.8548,391.2422,427.5847,355.3381,189.511,208.4317,171.0664,308.0169,344.6136,272.5896,-1731.378,-4.366
17,1636,h,,,432.0,5,Development group,1803,Land-locked Developing Countries (LLDC),2,Medium,2008,399842.032,404775.191,200622.15,204153.04,24.5232,98.2705,17.774,10368.557,25.596,9866.318,2.438,28.431,14417.235,2236.797,35.591,4.6473,1.9303,28.783,104.5,4048.678,2125.795,1922.883,9.995,58.9636,56.9414,60.9803,51.2302,49.3981,53.0139,12.8285,11.9132,13.5957,5.6927,5.2153,6.0136,853.702,59.3592,13758.649,1296.129,91.7124,211.3486,225.092,197.3902,378.7952,416.0315,341.9618,182.4158,202.0117,163.2753,298.6043,335.8733,262.4804,-502.229,-1.24
17,1636,h,,,432.0,5,Development group,1803,Land-locked Developing Countries (LLDC),2,Medium,2009,409708.35,414699.068,205575.162,209123.906,25.1245,98.303,17.8796,10675.807,25.717,9981.436,2.407,28.7971,14669.146,2241.226,35.337,4.5919,1.9244,28.773,104.6,3993.339,2104.609,1888.73,9.62,59.6964,57.5988,61.7928,51.6535,49.7499,53.512,12.9277,11.9976,13.7095,5.729,5.2413,6.0581,830.694,56.841,14021.576,1254.385,87.2756,202.2327,216.6153,187.6134,366.7455,405.1843,328.6266,175.8511,196.1586,155.9724,289.5033,327.8164,252.2613,-694.403,-1.673
17,1636,h,,,432.0,5,Development group,1803,Land-locked Developing Countries (LLDC),2,Medium,2010,419689.786,424788.219,210606.994,214181.225,25.7357,98.3312,17.9828,10955.325,25.763,10196.866,2.401,28.8691,14892.643,2286.373,35.022,4.5259,1.9131,28.718,104.6,3937.318,2077.65,1859.668,9.259,60.4286,58.3022,62.5517,52.0905,50.154,53.9804,13.0155,12.0967,13.7862,5.7617,5.2783,6.0875,807.39,54.3988,14257.678,1210.572,82.8857,192.9331,207.685,177.9388,354.3864,393.241,315.8175,168.6267,189.3478,148.3067,279.932,318.5761,242.3031,-758.504,-1.784
17,1636,h,,,432.0,5,Development group,1803,Land-locked Developing Countries (LLDC),2,Medium,2011,429886.652,435309.302,215846.347,219462.956,26.3731,98.3521,18.0929,11223.031,25.767,10845.301,2.492,27.8149,15100.395,2330.337,34.669,4.459,1.9008,28.667,104.6,3877.364,2053.17,1824.194,8.902,61.1749,58.9789,63.3703,52.5611,50.5538,54.5241,13.1177,12.1838,13.9021,5.8006,5.3087,6.1329,784.663,52.1188,14478.356,1169.317,78.8557,183.6548,199.0207,168.0311,341.6463,381.5562,301.9671,161.0,182.43,139.9368,269.8025,309.4073,231.1575,-377.782,-0.867
17,1636,h,,,432.0,5,Development group,1803,Land-locked Developing Countries (LLDC),2,Medium,2012,440731.953,446077.942,221203.116,224874.826,27.0256,98.3672,18.2028,11483.107,25.716,10691.977,2.397,28.9173,15319.812,2325.054,34.308,4.3974,1.8886,28.67,104.5,3836.705,2037.429,1799.276,8.592,61.8342,59.5839,64.086,52.9446,50.8814,54.9659,13.1933,12.2419,13.9941,5.824,5.3266,6.1613,762.327,49.9047,14710.777,1128.39,74.9538,175.2943,190.9555,159.3688,330.6349,371.3458,290.1208,154.6878,176.5344,133.1791,261.5269,301.8454,222.1289,-791.099,-1.772
17,1636,h,,,432.0,5,Development group,1803,Land-locked Developing Countries (LLDC),2,Medium,2013,451423.93,456858.816,226564.225,230294.592,27.6787,98.3802,18.3039,11713.075,25.611,10869.772,2.379,29.1361,15509.676,2308.916,33.912,4.3368,1.8756,28.67,104.6,3796.601,2026.007,1770.594,8.301,62.4491,60.1109,64.7947,53.31,51.1632,55.4196,13.276,12.2944,14.104,5.854,5.339,6.2043,740.156,47.8314,14914.551,1090.275,71.4319,167.7606,184.2048,151.0286,320.4018,362.4064,278.5071,148.915,171.6572,126.4669,253.7954,295.2669,213.173,-843.358,-1.844
17,1636,h,,,432.0,5,Development group,1803,Land-locked Developing Countries (LLDC),2,Medium,2014,462293.702,467737.334,231976.148,235761.186,28.3378,98.3945,18.3993,11951.134,25.518,10887.263,2.328,29.7744,15740.674,2323.578,33.609,4.2877,1.8638,28.647,104.5,3789.54,2027.6,1761.94,8.091,62.9001,60.5147,65.2951,53.5474,51.3412,55.7198,13.3345,12.3288,14.1834,5.881,5.3518,6.2416,722.688,46.0317,15156.016,1059.668,68.4146,162.3355,179.1487,145.2371,313.1994,355.8738,270.6022,145.343,168.682,122.2568,248.8118,291.0191,207.3979,-1064.044,-2.272
17,1636,h,,,432.0,5,Development group,1803,Land-locked Developing Countries (LLDC),2,Medium,2015,473180.965,478577.578,237380.044,241197.534,28.9946,98.4173,18.4857,12148.176,25.345,10793.227,2.255,30.7382,15928.729,2326.426,33.232,4.2332,1.8495,28.618,104.5,3780.553,2028.023,1752.53,7.887,63.3501,60.9187,65.7926,53.8026,51.5538,56.0189,13.398,12.3675,14.2678,5.9073,5.3683,6.2737,706.307,44.4366,15354.491,1031.149,65.7091,156.8855,173.9063,139.5733,305.9364,349.1336,262.7951,141.4574,164.9998,118.1382,243.5711,286.1724,201.745,-1355.009,-2.827
17,1636,h,,,432.0,5,Development group,1803,Land-locked Developing Countries (LLDC),2,Medium,2016,483974.192,489620.28,242901.288,246718.992,29.6636,98.4526,18.5722,12325.51,25.144,11292.176,2.306,30.0584,16064.674,2317.573,32.772,4.1758,1.835,28.616,104.5,3739.164,2011.405,1727.759,7.628,63.9259,61.4424,66.4203,54.1663,51.8626,56.4371,13.5015,12.4583,14.3792,5.9498,5.4074,6.3147,687.152,42.8452,15503.212,997.693,62.9087,150.3011,167.7151,132.5894,296.5248,340.5106,252.5626,136.2865,160.4595,112.2988,236.3687,279.7092,193.7635,-1033.415,-2.108
17,1636,h,,,432.0,5,Development group,1803,Land-locked Developing Countries (LLDC),2,Medium,2017,495266.368,500950.608,248574.598,252376.011,30.35,98.4938,18.6635,12437.387,24.8,11368.481,2.269,30.5486,16182.043,2311.377,32.266,4.1118,1.8138,28.62,104.5,3744.656,2019.453,1725.203,7.466,64.2752,61.7467,66.8157,54.3184,51.9522,56.6551,13.5813,12.5203,14.4726,5.9905,5.4375,6.3598,668.569,41.3743,15633.024,964.803,60.2777,146.839,164.8679,128.5031,291.6604,336.2191,247.0724,134.9364,160.0224,109.9731,233.6918,277.7511,190.2771,-1068.994,-2.131
17,1636,h,,,432.0,5,Development group,1803,Land-locked Developing Countries (LLDC),2,Medium,2018,506634.849,512657.921,254429.986,258227.936,31.0593,98.5292,18.7606,12702.048,24.756,12046.144,2.35,29.4956,16458.718,2341.013,32.078,4.0876,1.8104,28.601,104.5,3756.67,2032.59,1724.08,7.322,64.631,62.0455,67.2323,54.508,52.0864,56.9034,13.6343,12.5521,14.5434,6.0099,5.4489,6.3822,656.802,40.0127,15916.205,942.732,58.0599,142.6302,161.1292,123.8031,286.1391,331.5226,240.661,132.1832,157.8826,106.5667,229.9661,274.7725,185.7436,-655.971,-1.278
17,1636,h,,,432.0,5,Development group,1803,Land-locked Developing Countries (LLDC),2,Medium,2019,518680.993,524971.858,260584.146,264387.713,31.8053,98.5614,18.8682,12981.839,24.714,12581.731,2.397,28.9173,16756.385,2384.293,31.9,4.061,1.8046,28.573,104.5,3774.546,2043.901,1730.645,7.186,64.9831,62.3883,67.5915,54.7229,52.291,57.1269,13.7069,12.6091,14.6283,6.0406,5.4718,6.4162,648.69,38.8234,16218.137,926.49,56.1556,138.7061,156.9365,120.1559,280.7218,325.9614,235.4058,129.3168,154.7808,103.9336,226.0199,270.6184,182.0088,-400.129,-0.762
17,1636,h,,,432.0,5,Development group,1803,Land-locked Developing Countries (LLDC),2,Medium,2020,531262.724,537864.814,267051.492,270813.322,32.5865,98.6109,18.9847,12926.044,24.035,13204.18,2.455,28.2341,17019.576,2407.004,31.646,4.024,1.7934,28.559,104.4,4093.532,2227.04,1866.492,7.611,64.0608,61.3899,66.7935,53.5835,51.058,56.1331,12.7872,11.5969,13.8221,5.5998,4.954,6.0463,640.241,37.7121,16486.37,911.101,54.3794,135.588,153.5943,117.2783,293.278,342.3136,244.0303,131.6866,158.1484,105.3015,241.212,290.0178,192.8707,278.095,0.517
18,1637,i,,,722.0,5,Development group,1803,Small Island Developing States (SIDS),2,Medium,2000,57338.657,57722.558,29030.144,28692.413,48.4141,101.1771,24.4668,891.562,15.429,767.801,1.33,52.1163,1319.552,189.773,22.835,2.8433,1.2756,27.809,105.3,427.99,235.191,192.799,7.406,68.4526,66.0146,71.0457,58.0811,55.7998,60.4898,15.809,14.5745,16.9892,7.6641,6.9988,8.2144,54.457,41.3482,1276.977,73.487,55.9829,116.0566,130.0023,101.5048,235.6378,270.9298,198.5556,98.4075,117.2534,78.9497,182.3593,216.402,146.9055,-123.483,-2.137
18,1637,i,,,722.0,5,Development group,1803,Small Island Developing States (SIDS),2,Medium,2001,58106.458,58474.299,29409.847,29064.452,49.0446,101.1884,24.6655,867.416,14.819,735.682,1.258,55.0991,1299.994,189.662,22.209,2.78,1.249,27.808,105.2,432.578,237.899,194.679,7.39,68.6337,66.1914,71.2339,58.1924,55.9083,60.6073,15.8989,14.654,17.0927,7.7127,7.0378,8.2728,53.074,40.7688,1258.44,71.518,54.9498,114.9678,128.7056,100.6296,233.7159,268.861,196.8025,97.9141,116.4963,78.73,181.2432,215.1025,145.9931,-131.539,-2.247
18,1637,i,,,722.0,5,Development group,1803,Small Island Developing States (SIDS),2,Medium,2002,58842.14,59206.676,29773.718,29432.958,49.6589,101.1578,24.8514,868.411,14.651,729.072,1.231,56.3077,1305.753,189.213,22.029,2.7728,1.2478,27.857,105.2,437.342,241.159,196.183,7.378,68.8566,66.3825,71.4984,58.3107,55.9933,60.7688,15.9745,14.701,17.2037,7.7402,7.0445,8.322,51.898,39.7345,1264.902,69.801,53.4914,113.1255,126.7167,98.9377,231.0014,266.4389,193.7918,97.0276,115.5866,77.8694,179.7121,213.8593,144.1721,-139.092,-2.347
18,1637,i,,,722.0,5,Development group,1803,Small Island Developing States (SIDS),2,Medium,2003,59571.212,59941.763,30137.288,29804.475,50.2754,101.1167,25.0363,859.496,14.325,741.102,1.236,56.0799,1300.611,187.983,21.677,2.738,1.2339,27.876,105.2,441.115,243.412,197.703,7.352,69.0807,66.6089,71.7215,58.4438,56.1097,60.9221,16.0205,14.7248,17.2762,7.7393,7.0228,8.3416,50.827,39.0816,1260.431,68.13,52.3938,110.8975,124.0596,97.175,227.6918,262.8751,190.8279,95.4067,113.737,76.5014,177.4208,211.4911,142.0211,-118.232,-1.971
18,1637,i,,,722.0,5,Development group,1803,Small Island Developing States (SIDS),2,Medium,2004,60312.314,60687.966,30512.11,30175.856,50.9013,101.1143,25.2213,845.138,13.916,751.303,1.238,55.9893,1295.718,186.582,21.335,2.7013,1.214,27.863,105.2,450.58,248.596,201.984,7.419,69.0064,66.5374,71.6465,58.5037,56.1469,61.0099,16.088,14.7593,17.3797,7.7715,7.0219,8.4019,51.101,39.4289,1255.419,69.329,53.4834,113.1063,125.8303,99.85,228.8091,263.6228,192.3814,95.478,113.6163,76.7708,176.943,210.9302,141.658,-93.611,-1.541
18,1637,i,,,722.0,5,Development group,1803,Small Island Developing States (SIDS),2,Medium,2005,61063.617,61474.396,30915.175,30559.221,51.5609,101.1648,25.4114,844.751,13.74,821.557,1.336,51.8823,1291.387,185.716,21.004,2.6644,1.2042,27.866,105.3,446.636,247.592,199.044,7.264,69.5725,67.0206,72.308,58.8084,56.3964,61.3788,16.1978,14.822,17.5395,7.8165,7.0347,8.4725,49.022,37.959,1252.348,65.357,50.618,107.2406,120.2257,93.6877,220.8135,256.2224,183.7434,91.918,109.9758,73.2826,171.9413,206.14,136.444,-22.962,-0.373
18,1637,i,,,722.0,5,Development group,1803,Small Island Developing States (SIDS),2,Medium,2006,61885.174,62339.31,31370.351,30968.96,52.2863,101.2961,25.6135,834.697,13.398,908.273,1.457,47.5736,1284.914,185.166,20.625,2.6211,1.1865,27.898,105.3,450.217,249.43,200.787,7.227,69.816,67.2696,72.5436,58.9735,56.5702,61.5325,16.2631,14.8774,17.6129,7.8541,7.0636,8.5114,48.092,37.3921,1246.514,63.816,49.6129,105.0579,117.7812,91.7559,217.2737,252.1457,180.7493,90.0353,107.5853,71.8917,169.274,202.8526,134.4033,73.811,1.185
18,1637,i,,,722.0,5,Development group,1803,Small Island Developing States (SIDS),2,Medium,2007,62793.447,63245.048,31853.202,31391.846,53.046,101.4697,25.8308,835.021,13.211,903.202,1.428,48.5397,1289.35,186.343,20.399,2.5966,1.1771,27.926,105.3,454.329,251.776,202.553,7.188,70.0658,67.5234,72.7903,59.1595,56.7608,61.7148,16.3451,14.9414,17.7126,7.9112,7.1085,8.5736,47.395,36.7388,1251.369,62.765,48.6786,102.9856,115.3365,90.0438,213.7245,247.9953,177.7707,88.0398,104.984,70.4709,166.4198,199.3429,132.1655,68.312,1.081
18,1637,i,,,722.0,5,Development group,1803,Small Island Developing States (SIDS),2,Medium,2008,63696.649,64148.83,32334.5,31814.331,53.804,101.635,26.0634,850.402,13.262,904.363,1.41,49.1594,1308.923,189.666,20.412,2.6013,1.1821,27.921,105.3,458.521,254.76,203.761,7.15,70.3484,67.7617,73.1257,59.3537,56.9139,61.958,16.4134,15.003,17.7858,7.9588,7.1631,8.6092,46.826,35.8219,1271.189,61.871,47.5123,100.2366,113.0364,86.7806,209.5613,244.4511,172.8344,85.6528,103.0332,67.5509,163.228,196.7148,128.2624,54.187,0.845
18,1637,i,,,722.0,5,Development group,1803,Small Island Developing States (SIDS),2,Medium,2009,64601.012,65055.634,32816.029,32239.605,54.5646,101.7879,26.3136,862.349,13.259,909.244,1.398,49.5813,1323.928,189.717,20.356,2.5979,1.1832,27.936,105.3,461.579,257.103,204.476,7.097,70.6697,68.0534,73.484,59.5748,57.1064,62.215,16.5223,15.0881,17.9186,8.0351,7.2329,8.6883,46.21,34.9783,1286.479,60.703,46.2324,97.6162,110.3658,84.183,205.2096,240.1877,168.3118,83.6148,100.8971,65.5566,160.0112,193.5438,124.9127,47.194,0.726
18,1637,i,,,722.0,5,Development group,1803,Small Island Developing States (SIDS),2,Medium,2010,65510.256,65870.84,33244.207,32626.632,55.2483,101.8929,26.561,771.862,11.713,721.167,1.095,63.3011,1327.869,190.3,20.15,2.5744,1.122,27.929,105.3,556.007,299.899,256.108,8.437,67.1929,65.1855,69.3191,57.5343,55.5299,59.651,16.2326,14.8958,17.5246,8.0288,7.2576,8.6528,50.281,37.9159,1288.096,74.384,56.4598,142.6856,149.0243,136.0715,260.0497,286.3896,232.6073,115.0658,126.7371,102.9559,198.1409,224.9475,170.3224,-50.519,-0.767
18,1637,i,,,722.0,5,Development group,1803,Small Island Developing States (SIDS),2,Medium,2011,66231.423,66614.452,33623.715,32990.738,55.872,101.9187,26.7877,866.348,12.995,766.059,1.15,60.2737,1338.13,189.063,20.071,2.5704,1.1734,27.96,105.3,471.782,263.307,208.475,7.076,71.0957,68.4506,73.9429,59.9018,57.4083,62.5712,16.7421,15.3151,18.1253,8.1958,7.4246,8.8164,45.156,33.8173,1301.247,59.253,44.6815,95.1827,108.2152,81.408,200.3254,235.5871,162.9674,81.6954,99.2226,63.2897,156.255,190.0092,120.7545,-100.156,-1.502
18,1637,i,,,722.0,5,Development group,1803,Small Island Developing States (SIDS),2,Medium,2012,66997.482,67397.005,34021.608,33375.397,56.5284,101.9362,27.0171,858.763,12.736,799.046,1.186,58.4441,1333.642,184.909,19.779,2.5402,1.1622,28.004,105.3,474.879,264.665,210.214,7.043,71.3962,68.7699,74.2156,60.0977,57.6282,62.7334,16.8438,15.4455,18.1935,8.262,7.5226,8.8535,44.201,33.148,1297.442,57.642,43.428,92.6042,105.5763,78.8853,196.4694,231.4461,159.4139,80.0498,97.3921,61.8338,153.6113,187.0019,118.4935,-59.604,-0.884
18,1637,i,,,722.0,5,Development group,1803,Small Island Developing States (SIDS),2,Medium,2013,67796.528,68192.572,34423.723,33768.849,57.1957,101.9393,27.2625,846.376,12.406,792.088,1.162,59.6512,1326.148,178.564,19.439,2.5047,1.1476,28.052,105.3,479.772,267.474,212.298,7.033,71.595,68.9519,74.4302,60.2245,57.743,62.8703,16.9276,15.5349,18.2673,8.3272,7.6008,8.904,43.282,32.6372,1290.557,56.288,42.5348,91.0946,104.2068,77.2016,194.2714,229.5064,156.8887,79.3564,96.8555,60.9454,152.2617,185.8491,116.8849,-54.134,-0.794
18,1637,i,,,722.0,5,Development group,1803,Small Island Developing States (SIDS),2,Medium,2014,68588.616,68979.527,34813.798,34165.728,57.8557,101.8968,27.5125,839.373,12.163,781.821,1.133,61.178,1326.361,172.713,19.22,2.4844,1.1401,28.117,105.2,486.988,271.653,215.335,7.057,71.7563,69.0982,74.6075,60.3081,57.8128,62.9687,16.9635,15.5705,18.3017,8.3578,7.6366,8.9286,42.473,32.0445,1291.272,55.086,41.6239,89.451,102.6604,75.4522,192.2369,227.6973,154.5818,78.6695,96.3269,60.0833,151.1269,184.9193,115.4991,-57.391,-0.832
18,1637,i,,,722.0,5,Development group,1803,Small Island Developing States (SIDS),2,Medium,2015,69370.437,69737.593,35193.522,34544.071,58.4915,101.8801,27.7694,831.973,11.921,734.312,1.053,65.8259,1326.14,168.578,19.002,2.4633,1.1322,28.166,105.3,494.167,276.78,217.387,7.081,71.9234,69.2035,74.8487,60.4004,57.8437,63.1343,17.0016,15.5726,18.3779,8.3969,7.6496,8.9909,41.65,31.4367,1291.592,53.865,40.7366,87.6889,101.2142,73.349,190.1133,226.3166,151.6126,77.8146,95.9638,58.6899,149.8673,184.3862,113.4168,-97.48,-1.397
18,1637,i,,,722.0,5,Development group,1803,Small Island Developing States (SIDS),2,Medium,2016,70104.749,70454.39,35556.105,34898.285,59.0927,101.885,28.0349,802.565,11.383,699.283,0.993,69.8033,1305.64,163.954,18.519,2.408,1.1077,28.178,105.2,503.075,282.503,220.572,7.136,72.0044,69.2473,74.9763,60.4482,57.8536,63.2293,17.0231,15.5532,18.4436,8.4269,7.6443,9.0532,40.808,31.204,1271.764,52.758,40.3078,86.7911,100.2974,72.4515,189.0842,225.4048,150.429,77.3756,95.5032,58.2404,149.2208,183.842,112.631,-103.349,-1.466
18,1637,i,,,722.0,5,Development group,1803,Small Island Developing States (SIDS),2,Medium,2017,70804.032,71143.828,35903.425,35240.403,59.671,101.8814,28.3111,783.483,11.006,679.592,0.955,72.5809,1295.36,160.838,18.196,2.3748,1.0938,28.201,105.2,511.877,287.304,224.573,7.19,72.1283,69.3802,75.09,60.4971,57.9121,63.2676,17.0376,15.5444,18.483,8.4527,7.643,9.1031,39.815,30.672,1262.181,51.276,39.4215,85.1491,98.2615,71.218,187.3705,223.0046,149.4717,76.6465,94.1718,58.133,148.3691,182.2626,112.5714,-103.567,-1.455
18,1637,i,,,722.0,5,Development group,1803,Small Island Developing States (SIDS),2,Medium,2018,71483.624,71869.588,36267.972,35601.616,60.2797,101.8717,28.5906,767.575,10.682,771.928,1.074,64.5388,1289.69,157.645,17.947,2.3522,1.0846,28.245,105.2,522.115,293.42,228.695,7.265,72.2182,69.4418,75.2141,60.5082,57.8914,63.317,17.0507,15.5364,18.5173,8.4696,7.6538,9.1231,38.861,30.0792,1257.176,49.857,38.5014,83.9694,97.1296,69.9705,186.3213,222.2351,148.0975,76.5049,94.1876,57.7885,148.2365,182.4473,112.0711,4.422,0.062
18,1637,i,,,722.0,5,Development group,1803,Small Island Developing States (SIDS),2,Medium,2019,72255.552,72558.35,36601.881,35956.469,60.8574,101.795,28.8731,754.834,10.393,605.596,0.835,83.0116,1284.929,153.888,17.692,2.3267,1.0744,28.275,105.2,530.095,298.187,231.908,7.299,72.3776,69.5592,75.4181,60.6071,57.9505,63.4577,17.1423,15.6225,18.6081,8.5555,7.759,9.1868,38.026,29.5362,1253.006,48.691,37.7305,82.7235,96.2731,68.2882,184.9752,221.5312,146.0208,75.9361,94.08,56.6893,147.6145,182.4442,110.7492,-149.096,-2.053
18,1637,i,,,722.0,5,Development group,1803,Small Island Developing States (SIDS),2,Medium,2020,72861.148,73173.242,36886.756,36286.486,61.3731,101.6542,29.1655,723.023,9.875,624.188,0.853,81.2599,1276.904,146.824,17.44,2.3049,1.0656,28.334,105.2,553.881,313.746,240.135,7.565,72.1998,69.2924,75.3694,60.3292,57.5733,63.3206,16.8962,15.2609,18.5067,8.2656,7.3432,9.0243,37.075,28.962,1245.688,47.241,36.7971,81.4308,94.7924,67.2084,186.1026,223.508,146.258,76.9212,95.4243,57.3084,149.8716,185.6516,112.0105,-98.658,-1.348
